KOI,KOIpl,kepoi_name,Sep,Teff1,Teff2,Rstar1,Rstar2,Mstar1_est,Mstar2_est,Rppri,Rpsec,koi_period,koi_dor,koi_duration,koi_impact,rho_transit,rho_transit_err,rho_pri,rho_sec,p_pri,p_sec,usable
0042,42.01,K00042.01,1.66,6640,4771,1.376,0.710016,1.4902978,0.6517562,2.28,4.89,17.83367834,30.706,4.5112,0.013,1.2229906659181375,0.0369215250213676,0.5720286,1.8208776,2.993880818380309e-10,0.9999999997006119,True
0112,112.02,K00112.02,0.11,6256,5506,1.124,0.846372,1.1573317,0.8118048,1.49,1.98,3.709214104,10.888,2.6302,0.051,1.2604214795103703,0.13822035695585802,0.81500256,1.3389603,0.05409260844591847,0.9459073915540817,True
0162,162.01,K00162.01,0.29,6148,5622,1.078,0.8742579,1.0984327,0.8453751,3.72,4.5,14.00640392,19.48,4.6919,0.568,0.5062311074609768,0.4443815163030135,0.87683374,1.2651172,0.7137223290615234,0.28627767093847667,True
0163,163.01,K00163.01,1.22,5290,5015,0.763,0.729428,0.7131086,0.67410576,2.71,3.09,11.1199028,18.37,3.3759,0.72,0.6735359029083429,0.7699648318494937,1.6053954,1.7369238,0.547012347512745,0.45298765248725503,True
0165,165.01,K00165.01,0.28,5508,4432,0.85,0.65620005,0.8161569,0.5906026,2.79,4.93,13.22175358,33.4,2.7884,0.451,2.8634957767331155,3.4979229847518294,1.3289751,2.0901937,0.4820894608451048,0.5179105391548952,True
0174,174.01,K00174.01,0.56,4954,3508,0.728,0.32759997,0.6724565,0.2478448,2.4,7.15,56.35407916,76.2,3.4449,0.835,1.8717569855330647,2.564454452620104,1.7428905,7.0493364,0.8507791622535128,0.14922083774648726,True
0191,191.01,K00191.01,1.67,5685,3964,0.882,0.532728,0.85474336,0.4551263,10.64,29.08,15.358767771,28.47,4.1223,0.487,1.3142709781079813,0.20773513879472835,1.2457472,3.0103383,0.9969570182261294,0.003042981773870586,True
0191,191.02,K00191.02,1.67,5685,3964,0.882,0.532728,0.85474336,0.4551263,2.2,6.01,2.418406841,9.131,2.0744,0.018,1.7487654603539682,0.28727939880965414,1.2457472,3.0103383,0.8456790998364104,0.15432090016358954,True
0270,270.01,K00270.01,0.14,5896,5856,0.97,0.96321,0.9626417,0.95422596,1.46,1.48,12.58229808,15.223,6.375,0.044,0.29937536961340583,0.03663773984035835,1.0547498,1.067796,0.5295987156194732,0.4704012843805267,True
0750,750.01,K00750.01,0.05,5166,4140,0.773,0.583615,0.7248103,0.5101032,2.64,4.96,21.67699193,24.6,3.4555,0.896,0.4256401165583388,0.6021250429361865,1.5692273,2.5661304,0.9488775777055951,0.05112242229440482,True
0750,750.02,K00750.02,0.05,5166,4140,0.773,0.583615,0.7248103,0.5101032,1.06,1.99,5.04413987,16.78,1.623,0.727,2.494806644496823,3.3006381113128413,1.5692273,2.5661304,0.49027882278455825,0.5097211772154417,True
0750,750.03,K00750.03,0.05,5166,4140,0.773,0.583615,0.7248103,0.5101032,1.3,2.43,14.516741,22.8,2.706,0.851,0.7556167005884472,1.0936557508517,1.5692273,2.5661304,0.7220766622693955,0.27792333773060457,True
0841,841.01,K00841.01,1.98,5393,3616,0.802,0.365712,0.75895834,0.28439632,5.4,17.87,15.33528675,21.65,3.897,0.773,0.5797291842045532,0.7310210960177507,1.4712783,5.81442,0.9999497194506027,5.0280549397268435e-05,True
0841,841.02,K00841.02,1.98,5393,3616,0.802,0.365712,0.75895834,0.28439632,6.96,23.14,31.33046135,33.19,5.176,0.798,0.5004070747775929,0.36184904473221546,1.4712783,5.81442,0.9999981721569391,1.8278430609712563e-06,True
0841,841.03,K00841.03,1.98,5393,3616,0.802,0.365712,0.75895834,0.28439632,2.35,7.73,6.54626149,14.52,2.75,0.644,0.9597285507301411,1.0112842166784544,1.4712783,5.81442,0.9984771124544038,0.0015228875455961357,True
0841,841.04,K00841.04,1.98,5393,3616,0.802,0.365712,0.75895834,0.28439632,25.82,85.09,269.306232,48.6,14.931,1.219,0.02126430852058493,0.03189646278087739,1.4712783,5.81442,0.7084052501474014,0.2915947498525986,True
0841,841.05,K00841.05,1.98,5393,3616,0.802,0.365712,0.75895834,0.28439632,3.97,13.14,499.47338,210.0,12.248,0.793,0.4987334006076759,0.726725812314042,1.4712783,5.81442,0.9999606310518191,3.936894818083206e-05,True
0842,842.01,K00842.01,0.13,4752,3705,0.712,0.439304,0.6540335,0.35764852,2.5,5.48,12.71809866,29.5,3.0957,0.427,2.132342350703263,2.775659195491705,1.8120074,4.2185283,0.5651034617597113,0.4348965382402886,True
0842,842.02,K00842.02,0.13,4752,3705,0.712,0.439304,0.6540335,0.35764852,2.85,6.24,36.06588163,63.84,4.3246,0.26,2.687328717014013,1.2375855933617166,1.8120074,4.2185283,0.5910119746045357,0.40898802539546425,True
0984,984.01,K00984.01,1.74,5491,5403,0.792,0.74685603,0.74714774,0.6942983,2.23,2.31,4.28746668,19.94,1.5693,0.374,5.794409844183613,4.96912780017752,1.5039415,1.6666156,0.49304184592426054,0.5069581540757395,True
0987,987.01,K00987.01,1.97,5572,3714,0.865,0.45758498,0.8341999,0.37634808,1.16,3.75,3.179267286,23.67,1.0246,0.171,17.626900590092067,5.585202975314343,1.2889076,3.9280267,0.21440471271343264,0.7855952872865672,True
0991,991.01,K00991.01,0.23,5587,3629,0.856,0.38948002,0.8233646,0.3076851,1.61,5.71,12.06222962,42.0,2.0584,0.392,6.841131713534063,7.7207057909884425,1.3127164,5.2077594,0.4417541313386189,0.5582458686613812,True
1002,1002.01,K01002.01,0.3,5863,4714,0.964,0.70757604,0.9552043,0.6489577,1.22,2.08,3.4815917,14.843,1.8069,0.076,3.62447117046147,0.6102239072278659,1.0662651,1.8318802,0.009610477537692945,0.990389522462307,True
1061,1061.01,K01061.01,1.22,6367,5633,1.195,0.88908005,1.2494242,0.8633285,1.48,1.92,41.8059544,53.71,6.057,0.029,1.1910347590828272,0.23284053193762214,0.7321602,1.2284387,0.1707079712475594,0.8292920287524407,True
1101,1101.01,K01101.01,1.71,5068,3608,0.746,0.375984,0.6933037,0.29441622,1.62,4.64,11.39102358,26.9,2.303,0.732,2.0154248183804153,2.6972228052674705,1.6699637,5.5392838,0.6838103831071716,0.31618961689282843,True
1150,1150.01,K01150.01,0.4,6316,4888,1.173,0.74133605,1.2207382,0.6878899,1.1,2.0,0.677374687,2.8794,1.8361,0.132,0.6990099186726032,0.07144496043111313,0.75635993,1.6883931,0.9990675838268127,0.0009324161731872611,True
1151,1151.01,K01151.01,0.75,5592,3679,0.847,0.409948,0.8125578,0.32802802,1.22,4.12,10.43547031,23.3,3.4167,0.174,1.5605546190231754,0.5023244481834256,1.3372235,4.7612906,0.998686128908946,0.0013138710910539542,True
1151,1151.02,K01151.02,0.75,5592,3679,0.847,0.409948,0.8125578,0.32802802,0.94,3.17,7.41084314,17.6,3.245,0.064,1.3336381963619213,0.2273246925616911,1.3372235,4.7612906,0.999971262255251,2.8737744748963437e-05,True
1151,1151.03,K01151.03,0.75,5592,3679,0.847,0.409948,0.8125578,0.32802802,0.67,2.25,5.24970432,14.27,2.746,0.248,1.4165682279594003,0.8934207464355012,1.3372235,4.7612906,0.9862353740168814,0.013764625983118488,True
1151,1151.04,K01151.04,0.75,5592,3679,0.847,0.409948,0.8125578,0.32802802,0.76,2.56,17.4532945,31.2,4.027,0.357,1.3395046091467415,1.635741205400348,1.3372235,4.7612906,0.8626729522202643,0.13732704777973564,True
1151,1151.05,K01151.05,0.75,5592,3679,0.847,0.409948,0.8125578,0.32802802,0.8,2.69,21.7203362,37.4,4.252,0.311,1.4897623148581893,1.2666962997992093,1.3372235,4.7612906,0.9257832646871963,0.07421673531280358,True
1214,1214.01,K01214.01,0.34,5926,3911,0.995,0.520385,0.9937539,0.44198343,1.2,3.7,4.24153629,10.7,2.971,0.257,0.9148296310207417,0.5899368648638427,1.0088105,3.1364012,0.9869038477073481,0.01309615229265198,True
1261,1261.01,K01261.01,1.81,6335,5223,1.159,0.735965,1.2025533,0.6816657,10.13,15.58,133.460999,91.8,11.4997,0.249,0.5835184130639987,0.19641306060650937,0.7724208,1.7100152,0.9967831137120623,0.0032168862879377504,True
1261,1261.02,K01261.02,1.81,6335,5223,1.159,0.735965,1.2025533,0.6816657,3.36,5.16,15.19423359,17.65,3.106,0.906,0.31997186716102016,0.4731595316092139,0.7724208,1.7100152,0.9480362684011103,0.05196373159888974,True
1298,1298.01,K01298.01,0.73,4347,3325,0.624,0.254592,0.55460113,0.18084477,2.13,5.37,11.00817635,43.185,2.013,0.025,8.929009379726887,0.48506323966282916,2.282585,10.959019,1.2392445014868074e-27,1.0,True
1298,1298.02,K01298.02,0.73,4347,3325,0.624,0.254592,0.55460113,0.18084477,1.85,4.66,92.7495777,132.45,5.506,0.019,3.6288354047939766,0.4767212989310321,2.282585,10.959019,0.9985578945225464,0.001442105477453507,True
1300,1300.01,K01300.01,0.75,4952,3931,0.697,0.51090103,0.6368556,0.43193758,1.69,3.41,0.63133171,3.13,1.1487,0.726,1.0336013553160053,1.4860083383137457,1.8807999,3.2389977,0.6980587031081814,0.3019412968918186,True
1359,1359.01,K01359.01,1.41,5824,3824,0.943,0.48753104,0.9292651,0.40738294,3.08,9.96,37.1011418,48.5,5.5556,0.41,1.1134889948341078,1.2810863074586232,1.1081653,3.5155723,0.8180470929419034,0.18195290705809655,True
1359,1359.02,K01359.02,1.41,5824,3824,0.943,0.48753104,0.9292651,0.40738294,6.36,20.61,104.8205868,98.1,4.4794,0.918,1.1543808480389808,0.40244469931634197,1.1081653,3.5155723,0.9982197223700059,0.0017802776299940945,True
1361,1361.01,K01361.01,0.48,6203,3407,0.939,0.307053,0.92434055,0.22856866,3.17,6.28,59.8780258,98.43,4.8027,0.004,3.573409380940336,0.228715626332664,1.1164396,7.895446,2.984470649356944e-14,0.9999999999999701,True
1422,1422.01,K01422.01,0.22,3665,3371,0.414,0.276138,0.3320859,0.20017403,1.69,2.38,5.841636615,24.61,1.8734,0.026,5.868147608206203,1.2160728485108345,4.6800385,9.506686,0.8215188338408212,0.17848116615917875,True
1422,1422.02,K01422.02,0.22,3665,3371,0.414,0.276138,0.3320859,0.20017403,1.87,2.62,19.85029495,54.1,2.8407,0.217,5.3987489289485415,1.8261941848384158,4.6800385,9.506686,0.8182027263256391,0.18179727367436088,True
1422,1422.03,K01422.03,0.22,3665,3371,0.414,0.276138,0.3320859,0.20017403,1.39,1.96,10.8644095,30.8,1.853,0.763,3.3256394267143397,4.2110369364240015,4.6800385,9.506686,0.7142469427582359,0.2857530572417641,True
1422,1422.04,K01422.04,0.22,3665,3371,0.414,0.276138,0.3320859,0.20017403,1.44,2.03,63.3354719,136.2,3.651,0.029,8.461991119947799,2.9262832727572787,4.6800385,9.506686,0.32339474432965676,0.6766052556703432,True
1422,1422.05,K01422.05,0.22,3665,3371,0.414,0.276138,0.3320859,0.20017403,1.29,1.81,34.1420506,90.33,2.945,0.105,8.49477912974258,1.5516866560473,4.6800385,9.506686,0.08368818009601757,0.9163118199039825,True
1436,1436.01,K01436.01,0.15,5763,3578,0.918,0.3672,0.8985729,0.2858435,1.22,4.92,2.508553286,8.587,2.2664,0.009,1.3518017098618287,0.2866694903526715,1.1615163,5.7732496,0.9999907032418971,9.296758102869792e-06,True
1436,1436.02,K01436.02,0.15,5763,3578,0.918,0.3672,0.8985729,0.2858435,1.6,6.42,13.75129636,25.96,3.853,0.359,1.242974001017768,1.106036187346319,1.1615163,5.7732496,0.9945014514235736,0.0054985485764263075,True
1436,1436.03,K01436.03,0.15,5763,3578,0.918,0.3672,0.8985729,0.2858435,1.34,5.38,5.41908491,15.26,2.3379,0.536,1.6257245088796994,1.374301845645355,1.1615163,5.7732496,0.9609651285165293,0.039034871483470755,True
1506,1506.01,K01506.01,1.15,5848,3805,0.938,0.47744203,0.92311025,0.3968723,3.02,10.05,40.4286676,24.0,7.102,0.872,0.11362924784064665,0.1605013125749134,1.1185232,3.6466062,0.999946708102583,5.3291897417011954e-05,True
1521,1521.01,K01521.01,0.06,5374,4732,0.814,0.703296,0.7731798,0.6440546,1.76,2.44,25.9421582,41.4,4.045,0.577,1.4165244677611508,1.7244645694483576,1.4335315,1.851434,0.5077370116556442,0.49226298834435583,True
1531,1531.01,K01531.01,0.38,6089,4798,1.021,0.667734,1.0263186,0.6036072,1.36,2.43,5.69919592,18.429,2.3906,0.007,2.5888888219523105,0.4142727839783691,0.9642839,2.0274208,0.0019131876213465816,0.9980868123786534,True
1589,1589.01,K01589.01,0.18,6228,5647,1.108,0.87642807,1.1367755,0.84799904,3.44,4.22,8.72585478,7.0,4.473,0.911,0.06052202102747515,0.0855954297388577,0.8357095,1.2596402,0.9751268903106279,0.02487310968937206,True
1589,1589.02,K01589.02,0.18,6228,5647,1.108,0.87642807,1.1367755,0.84799904,3.8,4.64,12.88291395,6.24,5.676,0.962,0.019668028144307445,0.029312926561227443,0.8357095,1.2596402,0.7186052483763574,0.28139475162364264,True
1589,1589.03,K01589.03,0.18,6228,5647,1.108,0.87642807,1.1367755,0.84799904,3.06,3.79,27.4345973,34.3,5.038,0.603,0.720311659398636,0.8316134609966759,0.8357095,1.2596402,0.5474964927079746,0.45250350729202543,True
1589,1589.04,K01589.04,0.18,6228,5647,1.108,0.87642807,1.1367755,0.84799904,1.91,2.37,4.22453631,6.15,3.128,0.823,0.17510660053192015,0.23062820557862654,0.8357095,1.2596402,0.9692133307894983,0.030786669210501605,True
1589,1589.05,K01589.05,0.18,6228,5647,1.108,0.87642807,1.1367755,0.84799904,2.72,3.39,44.5520266,42.6,6.0,0.689,0.5232739717166957,0.7517457058465205,0.8357095,1.2596402,0.5907855495913037,0.4092144504086963,True
1648,1648.01,K01648.01,0.15,5727,4866,0.91,0.72527003,0.8887953,0.6693059,2.79,4.16,38.3262237,33.3,3.073,0.963,0.33773487142922937,0.5081236353935253,1.1794446,1.7543873,0.8630498471988778,0.1369501528011222,True
1656,1656.01,K01656.01,1.06,6485,5175,1.245,0.77937,1.3151088,0.7322841,3.85,6.31,51.3901452,26.0,5.995,0.946,0.08941196066393761,0.13308626452670713,0.68148077,1.5468513,0.9998195787945516,0.00018042120544839674,True
1677,1677.01,K01677.01,0.6,6420,3979,1.229,0.556737,1.2940166,0.48090866,2.91,10.14,52.069002,130.1,3.0089,0.275,10.912107764843498,5.384760326694486,0.6970826,2.7868419,0.33915821704797955,0.6608417829520205,True
1681,1681.01,K01681.01,0.15,3695,3660,0.43,0.41882,0.34820545,0.3369258,2.0,2.07,6.93910337,6.5,2.977,0.966,0.07662467045003915,0.1131687440492886,4.379557,4.58619,0.5216241516650417,0.4783758483349582,True
1681,1681.02,K01681.02,0.15,3695,3660,0.43,0.41882,0.34820545,0.3369258,9.73,10.03,1.992812339,1.971,2.066,1.127,0.02590373148987357,0.03887531088130189,4.379557,4.58619,0.5046166724312027,0.49538332756879727,True
1681,1681.03,K01681.03,0.15,3695,3660,0.43,0.41882,0.34820545,0.3369258,15.11,15.7,3.53105835,3.46,1.778,1.213,0.04463276290921157,0.06578817654247947,4.379557,4.58619,0.5097213355519679,0.4902786644480322,True
1681,1681.04,K01681.04,0.15,3695,3660,0.43,0.41882,0.34820545,0.3369258,14.84,15.29,21.9139549,13.18,3.271,1.2,0.06405307263334242,0.09622540501822308,4.379557,4.58619,0.5168608118280645,0.4831391881719354,True
1700,1700.01,K01700.01,0.28,5472,4749,0.837,0.705591,0.80058384,0.6466828,1.9,2.71,8.03753796,12.7,2.9118,0.821,0.42599093036675073,0.6037666729607492,1.3653075,1.8409084,0.765955446046658,0.23404455395334203,True
1792,1792.01,K01792.01,0.51,6594,4805,1.384,0.700304,1.5011362,0.64063144,6.28,13.03,88.40678718,48.9,12.3079,0.535,0.20099748593600744,0.21826107368511236,0.5662548,1.8652991,0.9999435598435397,5.6440156460346396e-05,True
1792,1792.02,K01792.02,0.51,6594,4805,1.384,0.700304,1.5011362,0.64063144,1.06,2.18,1.546222068,1.48,7.998,0.503,0.018216992332713847,0.015176724017727143,0.5662548,1.8652991,0.8256293416362264,0.17437065836377355,True
1792,1792.03,K01792.03,0.51,6594,4805,1.384,0.700304,1.5011362,0.64063144,1.81,3.76,9.10969334,8.76,5.3181,0.761,0.10882785452529165,0.1304443461775756,0.5662548,1.8652991,0.9999929947595533,7.0052404467048795e-06,True
1816,1816.01,K01816.01,0.17,5180,3741,0.782,0.45512402,0.7353743,0.3738197,4.93,13.08,10.240611361,57.3,0.9617,0.786,24.101682475825978,31.420517992045383,1.5377586,3.9652712,0.4868638080326831,0.513136191967317,True
1830,1830.01,K01830.01,0.46,5235,3945,0.779,0.52738297,0.73184955,0.4494254,2.26,5.15,13.22714056,31.53,3.2861,0.013,2.406995281501985,0.38933320442943625,1.5481372,3.0639334,0.23149107950203046,0.7685089204979695,True
1830,1830.02,K01830.02,0.46,5235,3945,0.779,0.52738297,0.73184955,0.4494254,3.63,8.21,198.7106251,182.85,8.638,0.026,2.080070136584105,0.26278162513039555,1.5481372,3.0639334,0.6402485064787308,0.3597514935212693,True
1833,1833.01,K01833.01,0.02,4546,3475,0.627,0.29218197,0.557936,0.21481606,2.23,3.53,3.69298623,10.77,1.7744,0.775,1.2306285811176105,1.8168054261624893,2.263507,8.61205,0.9951589669252335,0.00484103307476646,True
1833,1833.02,K01833.02,0.02,4546,3475,0.627,0.29218197,0.557936,0.21481606,3.33,5.24,7.68433346,17.43,1.4346,0.951,1.2048001693256074,1.7833530905680246,2.263507,8.61205,0.9958784981642669,0.004121501835733081,True
1833,1833.03,K01833.03,0.02,4546,3475,0.627,0.29218197,0.557936,0.21481606,1.93,3.07,5.70940795,18.74,1.622,0.751,2.712450820884714,3.6909015972550803,2.263507,8.61205,0.7559721777988164,0.24402782220118352,True
1835,1835.01,K01835.01,0.05,5158,5127,0.772,0.765824,0.7236385,0.7164093,1.36,1.39,4.580346161,15.71,2.097,0.384,2.482945670081936,2.560389551580354,1.5727863,1.5950499,0.4992395502657831,0.5007604497342169,True
1835,1835.02,K01835.02,0.05,5158,5127,0.772,0.765824,0.7236385,0.7164093,1.23,1.26,2.248288213,8.578,2.0361,0.004,1.6776038820854204,0.159585540660026,1.5727863,1.5950499,0.4933712460553202,0.5066287539446799,True
1835,1835.03,K01835.03,0.05,5158,5127,0.772,0.765824,0.7236385,0.7164093,1.29,1.31,6.76690759,23.7,1.7062,0.648,3.9057083533315375,4.152905084555052,1.5727863,1.5950499,0.4992495783519536,0.5007504216480465,True
1839,1839.01,K01839.01,0.11,5487,3951,0.815,0.5216,0.77436733,0.44327372,3.98,10.13,9.59068586,20.31,3.452,0.359,1.2236739145077309,0.9941220871185407,1.430455,3.1236272,0.8136182316022424,0.18638176839775758,True
1839,1839.02,K01839.02,0.11,5487,3951,0.815,0.5216,0.77436733,0.44327372,4.99,12.72,80.4103783,82.7,3.487,0.913,1.1752427535105268,1.7308895692573418,1.430455,3.1236272,0.6409729310300046,0.35902706896999537,True
1841,1841.01,K01841.01,0.31,5367,3709,0.808,0.434704,0.76606256,0.35297346,2.0,5.93,49.6075771,87.7,2.9575,0.764,3.6824597788613036,4.648213198631086,1.4522123,4.296958,0.473454565029601,0.526545434970399,True
1845,1845.01,K01845.01,1.99,4933,3414,0.756,0.312228,0.70494014,0.23339406,3.86,12.7,1.970340203,4.74,1.7901,0.859,0.3685427323788439,0.5131607666034534,1.6314993,7.667862,0.999999400376371,5.996236289515329e-07,True
1845,1845.02,K01845.02,1.99,4933,3414,0.756,0.312228,0.70494014,0.23339406,10.4,34.05,5.05821338,11.53,1.132,1.004,0.8048758445212875,1.1937013825944507,1.6314993,7.667862,0.9997613773865694,0.00023862261343052165,True
1853,1853.01,K01853.01,0.96,6327,6141,1.162,1.084146,1.2064453,1.1062664,2.32,2.47,60.0853848,42.4,7.007,0.79,0.283658067686024,0.42147307226932806,0.7689344,0.8681532,0.5649162772112651,0.43508372278873486,True
1857,1857.01,K01857.01,0.16,6121,4759,1.068,0.711288,1.0857105,0.653216,3.14,5.67,88.6440015,62.8,7.82,0.724,0.4234630199330228,0.6230570548059126,0.8912517,1.815183,0.8611929553761738,0.13880704462382618,True
1890,1890.01,K01890.01,0.41,6603,4486,1.348,0.66591203,1.4524875,0.6015491,1.5,3.8,4.33643506,6.29,4.1445,0.641,0.1777958035563414,0.23743795705457355,0.5929836,2.0371382,0.9999629194856643,3.708051433576421e-05,True
1899,1899.01,K01899.01,1.84,6094,5501,1.109,0.97259295,1.1380581,0.96585935,2.52,3.15,19.76169247,16.87,3.9097,0.924,0.1651704068908303,0.24379034567763333,0.8343914,1.0498338,0.8407570056520516,0.15924299434794842,True
1899,1899.02,K01899.02,1.84,6094,5501,1.109,0.97259295,1.1380581,0.96585935,0.98,1.23,10.5226374,12.63,3.864,0.806,0.24445341296128148,0.3658091452864782,0.8343914,1.0498338,0.7069419993436633,0.29305800065633664,True
1900,1900.01,K01900.01,0.1,4745,4418,0.705,0.65283,0.64600575,0.58681357,1.82,2.25,5.18498961,18.865,2.1397,0.021,3.35513432164762,0.26197258710770976,1.84361,2.109113,0.036561370998791295,0.9634386290012087,True
1906,1906.01,K01906.01,0.52,5823,3656,0.957,0.41629502,0.9465421,0.33438864,3.51,13.24,8.710442022,32.3,0.9425,0.935,5.967087994087435,8.922921056174092,1.0799512,4.63498,0.46533945779583313,0.5346605422041669,True
1908,1908.01,K01908.01,1.27,4413,3248,0.649,0.226501,0.58251333,0.15625635,1.27,3.68,12.55111099,26.94,3.1293,0.519,1.6674917657333417,1.5597918521336382,2.1309428,13.447059,0.9999757948400354,2.4205159964666655e-05,True
1908,1908.02,K01908.02,1.27,4413,3248,0.649,0.226501,0.58251333,0.15625635,1.1,3.19,24.0884178,44.0,3.952,0.376,1.972317113867106,2.2995424532132396,2.1309428,13.447059,0.9991193711605144,0.0008806288394855653,True
1916,1916.01,K01916.01,0.27,6295,5149,1.146,0.77813405,1.1857163,0.7308328,2.45,3.87,20.67876365,26.2,4.6395,0.665,0.56505405915293,0.6987691418532418,0.7878198,1.5511535,0.6999272403350801,0.3000727596649198,True
1916,1916.02,K01916.02,0.27,6295,5149,1.146,0.77813405,1.1857163,0.7308328,2.09,3.31,9.59993246,17.2,4.3206,0.063,0.7417955941635843,0.1293829524703926,0.7878198,1.5511535,0.9899156292513687,0.010084370748631371,True
1916,1916.03,K01916.03,0.27,6295,5149,1.146,0.77813405,1.1857163,0.7308328,1.02,1.59,2.0248205,5.954,2.55,0.248,0.6916536874795196,0.21711466944897923,0.7878198,1.5511535,0.9726552553512903,0.027344744648709632,True
1961,1961.01,K01961.01,0.04,5510,5360,0.834,0.790632,0.7969986,0.7455349,0.88,0.95,1.907810683,7.22,1.8707,0.41,1.3892368801224773,1.5585621508299263,1.3739136,1.5084982,0.5007049313047846,0.49929506869521545,True
1962,1962.01,K01962.01,0.12,6245,6144,1.121,1.06495,1.153472,1.0818362,2.5,2.59,32.85862571,27.4,3.1483,0.955,0.2559694655403858,0.3811516129214504,0.8188232,0.89572334,0.5659069284872698,0.4340930715127302,True
1964,1964.01,K01964.01,0.39,5792,3995,0.883,0.54657704,0.8559549,0.4699636,0.53,1.48,2.229326354,8.35,1.9946,0.249,1.5737922063898488,1.0177817861682854,1.2432795,2.8781278,0.6558706387477717,0.34412936125222826,True
1972,1972.01,K01972.01,1.05,6322,5690,1.158,0.896292,1.2012564,0.8720912,3.0,3.78,17.79108667,39.9,2.662,0.654,2.696180729461819,2.7975409072611357,0.77358854,1.2111931,0.47615469379671505,0.523845306203285,True
1972,1972.02,K01972.02,1.05,6322,5690,1.158,0.896292,1.2012564,0.8720912,1.03,1.31,1.226223959,4.388,2.1689,0.005,0.7549106038430223,0.11457850094791541,0.77358854,1.2111931,0.9046307291725212,0.09536927082747891,True
1977,1977.01,K01977.01,0.08,4583,4436,0.677,0.65533596,0.6140954,0.5896306,2.37,2.61,9.38740646,17.44,1.6165,0.946,0.8086925843735094,1.2102566773020984,1.9791095,2.095019,0.5220029771168657,0.47799702288313417,True
1977,1977.02,K01977.02,0.08,4583,4436,0.677,0.65533596,0.6140954,0.5896306,1.11,1.22,7.41556471,26.2,1.973,0.434,4.3939051726088305,5.483996150546137,1.9791095,2.095019,0.49772805240659973,0.5022719475934003,True
1979,1979.01,K01979.01,0.78,6215,4525,1.103,0.654079,1.1303668,0.58821726,1.18,2.55,2.714078374,8.31,1.3115,0.868,1.046630933335929,1.4735958989206217,0.8423504,2.1020696,0.5586604050199068,0.44133959498009323,True
1989,1989.01,K01989.01,0.89,5817,3642,0.932,0.3961,0.9157351,0.3142361,2.17,8.32,201.118319,152.01,10.328,0.001,1.1666712081485036,0.05295724844565932,1.1311551,5.0564013,0.9999978856685735,2.1143314265370266e-06,True
1996,1996.01,K01996.01,0.21,5296,3997,0.799,0.616029,0.7554113,0.5457597,2.56,5.61,10.13200555,25.09,3.1683,0.03,2.0670282393284634,0.4201611805729439,1.4809593,2.3345218,0.3450866207153568,0.6549133792846431,True
1996,1996.02,K01996.02,0.21,5296,3997,0.799,0.616029,0.7554113,0.5457597,1.29,2.82,7.07394528,22.73,2.319,0.277,3.1528998734651794,3.0793830704323355,1.4809593,2.3345218,0.47208681076696474,0.5279131892330352,True
2002,2002.01,K02002.01,0.24,6223,4402,1.115,0.64893,1.1457598,0.58243483,2.29,5.41,14.37504582,14.39,3.208,0.927,0.19373102242136025,0.28675960928248595,0.8265497,2.131345,0.9997043982201999,0.00029560177980013017,True
2009,2009.01,K02009.01,1.51,6025,3748,1.025,0.45305,1.031347,0.37169152,2.08,7.72,86.7490807,73.73,9.179,0.003,0.7155470628171097,0.055318299987217205,0.9577083,3.9970934,0.9999987771533106,1.2228466892679659e-06,True
2048,2048.01,K02048.01,1.9,5346,3769,0.792,0.465696,0.74714774,0.38470528,1.91,5.32,6.17998508,22.6,2.1094,0.175,4.060558093649573,1.67093762260801,1.5039415,3.8090844,0.24242465311134734,0.7575753468886526,True
2058,2058.01,K02058.01,0.29,4021,3209,0.584,0.219,0.51052386,0.14981495,1.25,2.85,1.52373073,3.28,1.4796,0.942,0.2041927614654478,0.2988186753152895,2.5631707,14.2633915,0.9999207659851908,7.923401480931126e-05,True
2059,2059.01,K02059.01,0.38,5125,4739,0.786,0.76635003,0.74007916,0.71702445,1.06,1.31,6.14728341,16.86,2.7645,0.188,1.7038897991217121,0.7882764195225003,1.5240897,1.5931345,0.49626128030828953,0.5037387196917104,True
2059,2059.02,K02059.02,0.38,5125,4739,0.786,0.76635003,0.74007916,0.71702445,0.59,0.73,2.18565886,7.88,1.966,0.394,1.376097357743889,1.990800745974662,1.5240897,1.5931345,0.5007827890621672,0.4992172109378327,True
2067,2067.01,K02067.01,1.62,6502,6289,1.292,0.963832,1.3774574,0.9549963,1.74,1.86,13.24503482,20.22,4.4078,0.498,0.6331002850287348,0.5729839374889143,0.63869065,1.0665903,0.5659726458516428,0.43402735414835736,True
2075,2075.01,K02075.01,0.1,6261,4079,1.123,0.574976,1.156045,0.50068223,1.34,4.03,2.053341891,2.03,2.596,0.966,0.026656359866647685,0.03939363527090792,0.816273,2.633983,0.9379901956820191,0.0620098043179808,True
2117,2117.01,K02117.01,0.33,4490,4021,0.658,0.569828,0.59262824,0.49508494,2.07,2.93,13.36019864,32.0,2.788,0.534,2.4663764695781762,2.982774042896107,2.080198,2.6757677,0.49853244216569226,0.5014675578343077,True
2124,2124.01,K02124.01,0.06,4232,4174,0.605,0.600765,0.5335735,0.5289088,2.08,2.19,42.3375799,25.3,4.924,0.947,0.12137933924978768,0.17847080711826488,2.4095066,2.4393096,0.5244957257580234,0.4755042742419765,True
2132,2132.01,K02132.01,0.15,5656,4996,0.887,0.74951506,0.8608045,0.6973896,3.04,4.09,69.8956789,54.6,5.276,0.872,0.4476231478024873,0.6689752538586623,1.2334843,1.6562823,0.6885522407476102,0.3114477592523897,True
2147,2147.01,K02147.01,0.08,6044,4534,1.045,0.68238497,1.0565629,0.6202072,1.57,3.18,37.8658964,60.62,4.782,0.18,2.0873081815435284,0.49583038294666465,0.9258626,1.9518591,0.07472785664641299,0.9252721433535869,True
2147,2147.02,K02147.02,0.08,6044,4534,1.045,0.68238497,1.0565629,0.6202072,0.97,1.98,10.32736351,28.2,1.889,0.754,2.824903789054373,3.8166253320202697,0.9258626,1.9518591,0.4756156292667682,0.5243843707332317,True
2224,2224.01,K02224.01,0.1,6176,4032,1.094,0.566692,1.1188494,0.4916815,1.32,4.06,3.73090026,5.89,2.9095,0.822,0.19722132416719293,0.2712211758496202,0.85451496,2.7017343,0.9999793652239145,2.06347760855409e-05,True
2289,2289.01,K02289.01,0.94,6370,3838,1.19,0.49385002,1.242893,0.4139938,2.12,8.2,62.7843981,97.7,4.81,0.272,3.178450738742049,1.659170805279882,0.7375523,3.43723,0.2561136020654861,0.7438863979345138,True
2289,2289.02,K02289.02,0.94,6370,3838,1.19,0.49385002,1.242893,0.4139938,1.48,5.72,20.0983676,29.82,5.207,0.02,0.8819350665411535,0.20406948219765117,0.7375523,3.43723,0.999970309789519,2.9690210480999446e-05,True
2298,2298.01,K02298.01,1.52,5578,4146,0.884,0.60377204,0.85716677,0.53222007,0.57,1.29,16.6671415,32.9,3.526,0.444,1.7222679224998207,1.601866213632052,1.2408192,2.4180887,0.5112924250263888,0.48870757497361117,True
2298,2298.02,K02298.02,1.52,5578,4146,0.884,0.60377204,0.85716677,0.53222007,0.51,1.15,31.8055128,54.5,3.979,0.476,2.149908449876787,2.05917836850584,1.2408192,2.4180887,0.47790497571844687,0.5220950242815531,True
2298,2298.03,K02298.03,1.52,5578,4146,0.884,0.60377204,0.85716677,0.53222007,0.29,0.66,2.47240869,9.66,1.87,0.319,1.9811899692440085,1.6612462475027403,1.2408192,2.4180887,0.4837379624580602,0.5162620375419398,True
2376,2376.01,K02376.01,0.4,4972,4704,0.674,0.60727406,0.6106957,0.5360816,2.65,3.08,18.8262877,61.74,2.344,0.198,8.920840141009169,3.3810764382833582,1.994551,2.3937385,0.44044137096201597,0.559558629037984,True
2392,2392.01,K02392.01,0.08,5826,3927,0.934,0.524908,0.9181922,0.44679058,1.27,3.77,7.42697378,16.92,3.206,0.337,1.1798113197472528,1.1086879423156808,1.1269196,3.0892599,0.7792708883609166,0.22072911163908346,True
2397,2397.01,K02397.01,0.19,5464,5178,0.834,0.774786,0.7969986,0.7269042,2.32,2.65,12.00089667,23.25,3.266,0.595,1.1724025189381917,1.3917552482879179,1.3739136,1.5629026,0.5070044732785074,0.4929955267214926,True
2407,2407.01,K02407.01,0.13,6525,4288,1.292,0.634372,1.3774574,0.56614804,1.88,5.34,17.2922631,10.01,7.042,0.865,0.0450644242800745,0.06347736087403101,0.63869065,2.2176754,0.9992821404622181,0.0007178595377818224,True
2408,2408.01,K02408.01,1.38,5667,3574,0.873,0.362295,0.84385496,0.2810787,2.0,7.77,94.289223,143.4,4.102,0.613,4.456137716277476,5.220579751287419,1.2683089,5.910727,0.46295362470473683,0.5370463752952632,True
2460,2460.01,K02460.01,2.32,4662,3539,0.669,0.33985204,0.60503805,0.25948507,1.49,3.63,11.32269749,9.2,3.517,0.951,0.0816016494251537,0.12240247413773056,2.0207112,6.610628,0.9771835433246234,0.022816456675376608,True
2463,2463.01,K02463.01,0.66,6363,5916,1.181,0.984954,1.231154,0.981228,1.32,1.55,7.46718958,13.88,3.633,0.486,0.6443017446360461,0.6545140201273955,0.7474165,1.0268856,0.537384299421095,0.462615700578905,True
2466,2466.01,K02466.01,0.09,4664,4607,0.693,0.683991,0.63229036,0.6220324,1.35,1.39,3.17323012,12.83,1.9094,0.085,2.8178125384763906,1.1200969560584249,1.8998392,1.9438459,0.49241845632886144,0.5075815436711385,True
2466,2466.02,K02466.02,0.09,4664,4607,0.693,0.683991,0.63229036,0.6220324,1.38,1.43,13.2970695,31.34,3.283,0.03,2.338946903549397,1.6792056582597776,1.8998392,1.9438459,0.4984093453984097,0.5015906546015904,True
2482,2482.01,K02482.01,0.31,5408,4919,0.787,0.693347,0.74125636,0.6326861,2.64,3.31,45.0909201,27.5,4.605,0.957,0.13742164747142557,0.2038837533394241,1.5207024,1.8981756,0.9182241584443397,0.08177584155566034,True
2486,2486.01,K02486.01,0.23,6623,6489,1.313,1.243411,1.4055002,1.3130109,2.36,2.18,4.267961416,23.76,1.3427,0.255,9.893127444634993,7.619706743973921,0.6209216,0.68300563,0.4975242464407126,0.5024757535592874,True
2535,2535.01,K02535.01,1.63,4917,4124,0.743,0.32246196,0.68982035,0.24299544,2.86,4.8,48.8882668,17.77,6.468,0.988,0.031541930159576057,0.0468602676540691,1.6817816,7.247073,0.786764942001272,0.21323505799872794,True
2538,2538.01,K02538.01,0.08,5171,5045,0.774,0.751554,0.72598255,0.6997618,2.03,2.17,39.8312536,123.3,2.442,0.24,15.87364061980515,13.363210838084141,1.5656811,1.6484268,0.49834311213820504,0.5016568878617949,True
2542,2542.01,K02542.01,0.8,3575,3343,0.41,0.30791,0.32808006,0.22936636,0.92,1.18,0.727331746,6.74,0.8323,0.153,7.775885664193425,5.537722728208968,4.7602334,7.857029,0.4636273173898573,0.5363726826101427,True
2543,2543.01,K02543.01,0.06,5348,4041,0.794,0.558976,0.74950695,0.48332745,1.28,2.84,1.302017467,7.11,1.3692,0.286,2.8484620991410896,1.4422592907043492,1.4973181,2.7673366,0.39485022770667594,0.605149772293324,True
2554,2554.01,K02554.01,0.37,4847,4563,0.727,0.671021,0.6713021,0.6073236,24.8,29.46,39.7557642,40.0,1.958,1.219,0.5440202001441187,0.7956295427107735,1.747088,2.010073,0.6113845890508345,0.38861541094916546,True
2554,2554.02,K02554.02,0.37,4847,4563,0.727,0.671021,0.6713021,0.6073236,1.7,2.01,10.27127527,26.33,3.029,0.046,2.324551136311602,1.0329376488737465,1.747088,2.010073,0.47399558162560307,0.5260044183743968,True
2571,2571.01,K02571.01,0.04,5703,5477,0.93,0.87606,0.9132795,0.8475539,0.88,0.97,0.82628442,6.414,0.9603,0.28,5.192338565095573,1.4571576889884676,1.1354156,1.2605665,0.4394284537887378,0.5605715462112623,True
2580,2580.01,K02580.01,0.6,5642,4961,0.886,0.738038,0.85959154,0.68406665,2.11,2.94,3.11604194,13.389,1.7763,0.195,3.321032303074409,0.6034858162207811,1.2359219,1.7016187,0.08316431170869898,0.916835688291301,True
