KOI,KOIpl,kepoi_name,Sep,dmi,e_dmi,dmK,e_dmK,Teff1,E_Teff1,e_Teff1,Rstar1,E_Rstar1,e_Rstar1,Teff2,E_Teff2,e_Teff2,Rstar2,Rstar2/Rstar1,E_Rstar2/Rstar1,e_Rstar2/Rstar1,Mstar1_est,Mstar2_est,Rppri,E_Rppri,e_Rppri,Rpsec,E_Rpsec,e_Rpsec,koi_period,koi_period_err1,koi_period_err2,koi_dor,koi_dor_err1,koi_dor_err2,koi_duration,koi_duration_err1,koi_duration_err2,koi_impact,koi_impact_err1,koi_impact_err2,koi_depth,koi_depth_err1,koi_depth_err2,rho_transit,rho_transit_err,rho_pri,rho_sec,p_pri,p_sec
42,42.01,K00042.01,1.66,,,1.87,0.02,6640,17,14,1.376,0.009,0.009,4771,43,38,0.710016,0.516,0.005,0.005,1.4902978,0.6517562,2.28,0.14,0.14,4.89,0.32,0.33,17.83367834,1.385e-05,-1.385e-05,30.706,0.309,-0.309,4.5112,0.0195,-0.0195,0.013,0.278,-0.013,326.9,2.4,-2.4,1.2229906659181375,0.0369215250213676,0.5720286,1.8208776,2.9938808183803085e-10,0.999999999700612
112,112.02,K00112.02,0.11,,,1.02,0.23,6256,65,61,1.124,0.039,0.037,5506,87,86,0.846372,0.753,0.009,0.009,1.1573317,0.8118048,1.49,0.29,0.3,1.98,0.38,0.4,3.709214104,6.536e-06,-6.536e-06,10.888,0.398,-0.398,2.6302,0.0427,-0.0427,0.051,0.395,-0.051,131.1,3.0,-3.0,1.2604214795103703,0.138220356955858,0.81500256,1.3389603,0.0540926084459184,0.9459073915540815
162,162.01,K00162.01,0.29,,,,,6148,104,118,1.078,0.054,0.053,5622,164,188,0.8742579,0.811,0.06,0.054,1.0984327,0.8453751,3.72,0.86,0.83,4.5,0.93,0.92,14.00640392,1.731e-05,-1.731e-05,19.48,5.7,-5.7,4.6919,0.0396,-0.0396,0.568,0.286,-0.368,716.4,7.6,-7.6,0.5062311074609768,0.4443815163030135,0.87683374,1.2651172,0.7137223290615234,0.2862776709384766
163,163.01,K00163.01,1.22,,,0.17,0.0,5290,54,55,0.763,0.008,0.008,5015,52,53,0.729428,0.956,0.004,0.004,0.7131086,0.67410576,2.71,0.26,0.26,3.09,0.3,0.29,11.1199028,1.166e-05,-1.166e-05,18.37,7.0,-7.0,3.3759,0.0372,-0.0372,0.72,0.152,-0.506,636.3,7.3,-7.3,0.6735359029083429,0.7699648318494937,1.6053954,1.7369238,0.547012347512745,0.452987652487255
165,165.01,K00165.01,0.28,,,0.86,0.0,5508,87,94,0.85,0.031,0.028,4432,90,79,0.65620005,0.772,0.007,0.007,0.8161569,0.5906026,2.79,0.32,0.31,4.93,0.57,0.56,13.22175358,1.342e-05,-1.342e-05,33.4,13.6,-13.6,2.7884,0.0322,-0.0322,0.451,0.007,-0.445,876.5,11.0,-11.0,2.8634957767331155,3.4979229847518294,1.3289751,2.0901937,0.4820894608451048,0.5179105391548952
174,174.01,K00174.01,0.56,,,2.57,0.02,4954,43,42,0.728,0.007,0.007,3508,12,10,0.32759997,0.45,0.004,0.004,0.6724565,0.2478448,2.4,0.14,0.14,7.15,0.45,0.46,56.35407916,9.756e-05,-9.756e-05,76.2,34.8,-34.8,3.4449,0.0661,-0.0661,0.835,0.047,-0.572,1037.0,20.2,-20.2,1.871756985533065,2.564454452620104,1.7428905,7.0493364,0.8507791622535128,0.1492208377464872
191,191.01,K00191.01,1.67,2.75,0.02,,,5685,48,48,0.882,0.014,0.012,3964,34,32,0.532728,0.604,0.007,0.007,0.85474336,0.4551263,10.64,1.2,1.18,29.08,3.4,3.31,15.358767771,2.129e-06,-2.129e-06,28.47,1.5,-1.5,4.1223,0.0157,-0.0157,0.487,0.016,-0.031,14638.1,20.2,-20.2,1.314270978107981,0.2077351387947283,1.2457472,3.0103383,0.9969570182261294,0.0030429817738705
191,191.02,K00191.02,1.67,2.75,0.02,,,5685,48,48,0.882,0.014,0.012,3964,34,32,0.532728,0.604,0.007,0.007,0.85474336,0.4551263,2.2,0.24,0.25,6.01,0.69,0.67,2.418406841,2.472e-06,-2.472e-06,9.131,0.5,-0.5,2.0744,0.0311,-0.0311,0.018,0.439,-0.018,665.4,10.9,-10.9,1.7487654603539682,0.2872793988096541,1.2457472,3.0103383,0.8456790998364104,0.1543209001635895
270,270.01,K00270.01,0.14,,,0.45,0.32,5896,82,77,0.97,0.039,0.035,5856,87,73,0.96321,0.993,0.009,0.009,0.9626417,0.95422596,1.46,0.09,0.09,1.48,0.1,0.09,12.58229808,2.736e-05,-2.736e-05,15.223,0.621,-0.621,6.375,0.05,-0.05,0.044,0.367,-0.044,118.7,2.1,-2.1,0.2993753696134058,0.0366377398403583,1.0547498,1.067796,0.5295987156194732,0.4704012843805267
750,750.01,K00750.01,0.05,,,0.6,0.4,5166,68,80,0.773,0.017,0.018,4140,159,120,0.583615,0.755,0.051,0.039,0.7248103,0.5101032,2.64,0.19,0.22,4.96,0.6,0.56,21.67699193,7.01e-05,-7.01e-05,24.6,11.6,-11.6,3.4555,0.0656,-0.0656,0.896,0.01,-0.663,857.2,27.1,-27.1,0.4256401165583388,0.6021250429361865,1.5692273,2.5661304,0.9488775777055952,0.0511224222944048
750,750.02,K00750.02,0.05,,,0.6,0.4,5166,68,80,0.773,0.017,0.018,4140,159,120,0.583615,0.755,0.051,0.039,0.7248103,0.5101032,1.06,0.07,0.09,1.99,0.24,0.24,5.04413987,3.519e-05,-3.519e-05,16.78,7.4,-7.4,1.623,0.21,-0.21,0.727,0.242,-0.508,172.0,22.7,-22.7,2.494806644496823,3.3006381113128413,1.5692273,2.5661304,0.4902788227845582,0.5097211772154417
750,750.03,K00750.03,0.05,,,0.6,0.4,5166,68,80,0.773,0.017,0.018,4140,159,120,0.583615,0.755,0.051,0.039,0.7248103,0.5101032,1.3,0.09,0.1,2.43,0.29,0.28,14.516741,0.0001564,-0.0001564,22.8,11.0,-11.0,2.706,0.243,-0.243,0.851,0.101,-0.643,227.2,25.1,-25.1,0.7556167005884472,1.0936557508517,1.5692273,2.5661304,0.7220766622693955,0.2779233377306045
841,841.01,K00841.01,1.98,4.21,0.1,3.42,0.09,5393,97,120,0.802,0.024,0.021,3616,33,44,0.365712,0.456,0.007,0.008,0.75895834,0.28439632,5.4,0.65,0.64,17.87,2.09,2.0,15.33528675,1.989e-05,-1.989e-05,21.65,9.1,-9.1,3.897,0.0771,-0.0771,0.773,0.006,-0.543,3081.4,39.0,-39.0,0.5797291842045532,0.7310210960177507,1.4712783,5.81442,0.9999497194506028,5.028054939726844e-05
841,841.02,K00841.02,1.98,4.21,0.1,3.42,0.09,5393,97,120,0.802,0.024,0.021,3616,33,44,0.365712,0.456,0.007,0.008,0.75895834,0.28439632,6.96,0.86,0.83,23.14,2.75,2.81,31.33046135,3.977e-05,-3.977e-05,33.19,8.0,-8.0,5.176,0.102,-0.102,0.798,0.021,-0.043,5073.8,48.4,-48.4,0.5004070747775929,0.3618490447322154,1.4712783,5.81442,0.9999981721569392,1.8278430609712565e-06
841,841.03,K00841.03,1.98,4.21,0.1,3.42,0.09,5393,97,120,0.802,0.024,0.021,3616,33,44,0.365712,0.456,0.007,0.008,0.75895834,0.28439632,2.35,0.3,0.29,7.73,0.95,0.98,6.54626149,2.668e-05,-2.668e-05,14.52,5.1,-5.1,2.75,0.111,-0.111,0.644,0.295,-0.438,655.9,30.0,-30.0,0.9597285507301412,1.0112842166784544,1.4712783,5.81442,0.9984771124544038,0.0015228875455961
841,841.04,K00841.04,1.98,4.21,0.1,3.42,0.09,5393,97,120,0.802,0.024,0.021,3616,33,44,0.365712,0.456,0.007,0.008,0.75895834,0.28439632,25.82,3.16,3.06,85.09,10.1,10.29,269.306232,0.007251,-0.007251,48.6,24.3,-24.3,14.931,0.978,-0.978,1.219,69.55,-1.087,1708.0,109.0,-109.0,0.0212643085205849,0.0318964627808773,1.4712783,5.81442,0.7084052501474014,0.2915947498525986
841,841.05,K00841.05,1.98,4.21,0.1,3.42,0.09,5393,97,120,0.802,0.024,0.021,3616,33,44,0.365712,0.456,0.007,0.008,0.75895834,0.28439632,3.97,0.46,0.48,13.14,1.54,1.5,499.47338,0.01187,-0.01187,210.0,102.0,-102.0,12.248,0.575,-0.575,0.793,0.159,-0.56,1662.0,112.0,-112.0,0.4987334006076759,0.726725812314042,1.4712783,5.81442,0.9999606310518192,3.936894818083206e-05
842,842.01,K00842.01,0.13,,,1.66,0.0,4752,61,53,0.712,0.016,0.016,3705,22,19,0.439304,0.617,0.005,0.006,0.6540335,0.35764852,2.5,0.26,0.25,5.48,0.6,0.57,12.71809866,2.324e-05,-2.324e-05,29.5,12.8,-12.8,3.0957,0.0562,-0.0562,0.427,0.016,-0.427,1149.4,24.5,-24.5,2.132342350703263,2.775659195491705,1.8120074,4.2185283,0.5651034617597113,0.4348965382402886
842,842.02,K00842.02,0.13,,,1.66,0.0,4752,61,53,0.712,0.016,0.016,3705,22,19,0.439304,0.617,0.005,0.006,0.6540335,0.35764852,2.85,0.29,0.3,6.24,0.65,0.67,36.06588163,8.305e-05,-8.305e-05,63.84,9.8,-9.8,4.3246,0.0634,-0.0634,0.26,0.145,-0.26,1563.8,32.1,-32.1,2.687328717014013,1.2375855933617166,1.8120074,4.2185283,0.5910119746045357,0.4089880253954642
984,984.01,K00984.01,1.74,0.01,0.14,0.15,0.1,5491,39,38,0.792,0.007,0.007,5403,47,47,0.74685603,0.943,0.013,0.013,0.74714774,0.6942983,2.23,0.24,0.23,2.31,0.23,0.24,4.28746668,1.524e-05,-1.524e-05,19.94,5.7,-5.7,1.5693,0.0785,-0.0785,0.374,0.083,-0.374,790.1,49.7,-49.7,5.794409844183613,4.96912780017752,1.5039415,1.6666156,0.4930418459242605,0.5069581540757395
987,987.01,K00987.01,1.97,4.1,0.66,2.27,0.02,5572,35,35,0.865,0.006,0.006,3714,18,20,0.45758498,0.529,0.004,0.004,0.8341999,0.37634808,1.16,0.14,0.14,3.75,0.47,0.47,3.179267286,3.255e-06,-3.255e-06,23.67,2.5,-2.5,1.0246,0.0287,-0.0287,0.171,0.274,-0.171,200.9,6.0,-6.0,17.626900590092067,5.585202975314343,1.2889076,3.9280267,0.2144047127134326,0.7855952872865672
991,991.01,K00991.01,0.23,,,2.58,0.01,5587,47,44,0.856,0.009,0.009,3629,17,15,0.38948002,0.455,0.003,0.003,0.8233646,0.3076851,1.61,0.21,0.21,5.71,0.78,0.75,12.06222962,2.75e-05,-2.75e-05,42.0,15.8,-15.8,2.0584,0.0572,-0.0572,0.392,0.044,-0.392,300.2,10.8,-10.8,6.841131713534063,7.720705790988442,1.3127164,5.2077594,0.4417541313386189,0.5582458686613812
1002,1002.01,K01002.01,0.3,2.31,0.38,,,5863,77,78,0.964,0.035,0.035,4714,110,108,0.70757604,0.734,0.006,0.006,0.9552043,0.6489577,1.22,0.21,0.22,2.08,0.37,0.36,3.4815917,1.036e-05,-1.036e-05,14.843,0.833,-0.833,1.8069,0.0747,-0.0747,0.076,0.378,-0.076,135.2,6.8,-6.8,3.62447117046147,0.6102239072278659,1.0662651,1.8318802,0.0096104775376929,0.990389522462307
1061,1061.01,K01061.01,1.22,,,,,6367,69,59,1.195,0.029,0.03,5633,73,69,0.88908005,0.744,0.011,0.012,1.2494242,0.8633285,1.48,0.48,0.48,1.92,0.62,0.62,41.8059544,0.0002153,-0.0002153,53.71,3.5,-3.5,6.057,0.147,-0.147,0.029,0.428,-0.029,434.4,17.8,-17.8,1.1910347590828272,0.2328405319376221,0.7321602,1.2284387,0.1707079712475594,0.8292920287524407
1101,1101.01,K01101.01,1.71,,,2.35,0.06,5068,53,54,0.746,0.012,0.011,3608,20,21,0.375984,0.504,0.006,0.006,0.6933037,0.29441622,1.62,0.25,0.24,4.64,0.67,0.69,11.39102358,8.858e-05,-8.858e-05,26.9,12.0,-12.0,2.303,0.198,-0.198,0.732,0.239,-0.515,448.6,50.8,-50.8,2.0154248183804158,2.6972228052674705,1.6699637,5.5392838,0.6838103831071716,0.3161896168928284
1150,1150.01,K01150.01,0.4,2.41,0.39,,,6316,88,106,1.173,0.051,0.057,4888,118,121,0.74133605,0.632,0.019,0.017,1.2207382,0.6878899,1.1,0.25,0.24,2.0,0.48,0.46,0.677374687,1.098e-06,-1.098e-06,2.8794,0.0981,-0.0981,1.8361,0.0399,-0.0399,0.132,0.335,-0.132,76.7,2.3,-2.3,0.6990099186726032,0.0714449604311131,0.75635993,1.6883931,0.9990675838268128,0.0009324161731872
1151,1151.01,K01151.01,0.75,3.49,0.58,2.37,0.11,5592,46,46,0.847,0.008,0.009,3679,34,33,0.409948,0.484,0.018,0.017,0.8125578,0.32802802,1.22,0.15,0.14,4.12,0.48,0.48,10.43547031,2.685e-05,-2.685e-05,23.3,2.5,-2.5,3.4167,0.0598,-0.0598,0.174,0.257,-0.174,210.2,6.0,-6.0,1.5605546190231754,0.5023244481834256,1.3372235,4.7612906,0.998686128908946,0.0013138710910539
1151,1151.02,K01151.02,0.75,3.49,0.58,2.37,0.11,5592,46,46,0.847,0.008,0.009,3679,34,33,0.409948,0.484,0.018,0.017,0.8125578,0.32802802,0.94,0.11,0.11,3.17,0.37,0.37,7.41084314,3.098e-05,-3.098e-05,17.6,1.0,-1.0,3.245,0.0965,-0.0965,0.064,0.384,-0.064,124.1,5.2,-5.2,1.3336381963619213,0.2273246925616911,1.3372235,4.7612906,0.999971262255251,2.873774474896344e-05
1151,1151.03,K01151.03,0.75,3.49,0.58,2.37,0.11,5592,46,46,0.847,0.008,0.009,3679,34,33,0.409948,0.484,0.018,0.017,0.8125578,0.32802802,0.67,0.07,0.08,2.25,0.27,0.26,5.24970432,3.439e-05,-3.439e-05,14.27,3.0,-3.0,2.746,0.147,-0.147,0.248,0.199,-0.248,61.9,5.0,-5.0,1.4165682279594003,0.8934207464355012,1.3372235,4.7612906,0.9862353740168814,0.0137646259831184
1151,1151.04,K01151.04,0.75,3.49,0.58,2.37,0.11,5592,46,46,0.847,0.008,0.009,3679,34,33,0.409948,0.484,0.018,0.017,0.8125578,0.32802802,0.76,0.08,0.09,2.56,0.29,0.3,17.4532945,0.0001511,-0.0001511,31.2,12.7,-12.7,4.027,0.207,-0.207,0.357,0.093,-0.357,79.3,7.0,-7.0,1.3395046091467415,1.635741205400348,1.3372235,4.7612906,0.8626729522202643,0.1373270477797356
1151,1151.05,K01151.05,0.75,3.49,0.58,2.37,0.11,5592,46,46,0.847,0.008,0.009,3679,34,33,0.409948,0.484,0.018,0.017,0.8125578,0.32802802,0.8,0.09,0.09,2.69,0.31,0.31,21.7203362,0.0003087,-0.0003087,37.4,10.6,-10.6,4.252,0.37,-0.37,0.311,0.15,-0.311,87.8,8.1,-8.1,1.489762314858189,1.2666962997992093,1.3372235,4.7612906,0.9257832646871964,0.0742167353128035
1214,1214.01,K01214.01,0.34,,,2.46,0.06,5926,73,71,0.995,0.03,0.025,3911,44,40,0.520385,0.523,0.009,0.01,0.9937539,0.44198343,1.2,0.37,0.35,3.7,1.05,1.08,4.24153629,2.203e-05,-2.203e-05,10.7,2.3,-2.3,2.971,0.147,-0.147,0.257,0.187,-0.257,188.1,12.4,-12.4,0.9148296310207416,0.5899368648638427,1.0088105,3.1364012,0.986903847707348,0.0130961522926519
1261,1261.01,K01261.01,1.81,1.58,0.05,,,6335,52,55,1.159,0.026,0.026,5223,71,75,0.735965,0.635,0.009,0.008,1.2025533,0.6816657,10.13,1.7,1.66,15.58,2.65,2.68,133.460999,0.0002571,-0.0002571,91.8,10.3,-10.3,11.4997,0.0691,-0.0691,0.249,0.043,-0.249,5032.9,32.4,-32.4,0.5835184130639987,0.1964130606065093,0.7724208,1.7100152,0.9967831137120624,0.0032168862879377
1261,1261.02,K01261.02,1.81,1.58,0.05,,,6335,52,55,1.159,0.026,0.026,5223,71,75,0.735965,0.635,0.009,0.008,1.2025533,0.6816657,3.36,0.55,0.54,5.16,0.85,0.85,15.19423359,8.343e-05,-8.343e-05,17.65,8.7,-8.7,3.106,0.125,-0.125,0.906,0.054,-0.611,367.8,22.5,-22.5,0.3199718671610201,0.4731595316092139,0.7724208,1.7100152,0.9480362684011104,0.0519637315988897
1298,1298.01,K01298.01,0.73,,,2.77,0.02,4347,37,37,0.624,0.009,0.009,3325,15,14,0.254592,0.408,0.004,0.004,0.55460113,0.18084477,2.13,0.14,0.14,5.37,0.36,0.38,11.00817635,1.701e-05,-1.701e-05,43.185,0.782,-0.782,2.013,0.0436,-0.0436,0.025,0.408,-0.025,1462.5,40.0,-40.0,8.929009379726887,0.4850632396628291,2.282585,10.959019,1.2392445014868074e-27,1.0
1298,1298.02,K01298.02,0.73,,,2.77,0.02,4347,37,37,0.624,0.009,0.009,3325,15,14,0.254592,0.408,0.004,0.004,0.55460113,0.18084477,1.85,0.12,0.12,4.66,0.3,0.3,92.7495777,0.0006942,-0.0006942,132.45,5.8,-5.8,5.506,0.191,-0.191,0.019,0.422,-0.019,1105.1,65.1,-65.1,3.6288354047939766,0.4767212989310321,2.282585,10.959019,0.9985578945225464,0.0014421054774535
1300,1300.01,K01300.01,0.75,,,1.17,0.01,4952,57,56,0.697,0.014,0.014,3931,31,37,0.51090103,0.733,0.006,0.006,0.6368556,0.43193758,1.69,0.17,0.18,3.41,0.35,0.37,0.63133171,3.41e-07,-3.41e-07,3.13,1.5,-1.5,1.1487,0.0186,-0.0186,0.726,0.002,-0.519,434.5,6.0,-6.0,1.0336013553160053,1.4860083383137457,1.8807999,3.2389977,0.6980587031081814,0.3019412968918186
1359,1359.01,K01359.01,1.41,,,2.2,0.05,5824,56,54,0.943,0.018,0.017,3824,29,30,0.48753104,0.517,0.007,0.006,0.9292651,0.40738294,3.08,0.85,0.84,9.96,2.75,2.75,37.1011418,0.0001187,-0.0001187,48.5,18.6,-18.6,5.5556,0.0788,-0.0788,0.41,0.473,-0.225,1357.5,27.4,-27.4,1.1134889948341078,1.2810863074586232,1.1081653,3.5155723,0.8180470929419034,0.1819529070580965
1359,1359.02,K01359.02,1.41,,,2.2,0.05,5824,56,54,0.943,0.018,0.017,3824,29,30,0.48753104,0.517,0.007,0.006,0.9292651,0.40738294,6.36,1.75,1.8,20.61,5.62,5.8,104.8205868,0.0002329,-0.0002329,98.1,11.4,-11.4,4.4794,0.0878,-0.0878,0.918,0.006,-0.01,3920.1,75.6,-75.6,1.1543808480389808,0.4024446993163419,1.1081653,3.5155723,0.998219722370006,0.001780277629994
1361,1361.01,K01361.01,0.48,,,2.87,0.01,6203,305,1904,0.939,0.294,0.25,3407,1799,50,0.307053,0.327,0.066,0.008,0.92434055,0.22856866,3.17,0.99,0.94,6.28,2.49,2.44,59.8780258,0.0001502,-0.0001502,98.43,2.1,-2.1,4.8027,0.0705,-0.0705,0.004,0.411,-0.004,1419.1,32.3,-32.3,3.573409380940336,0.228715626332664,1.1164396,7.895446,2.984470649356944e-14,0.99999999999997
1422,1422.01,K01422.01,0.22,,,1.14,0.04,3665,21,19,0.414,0.012,0.013,3371,21,20,0.276138,0.667,0.007,0.007,0.3320859,0.20017403,1.69,0.29,0.3,2.38,0.43,0.44,5.841636615,9.841e-06,-9.841e-06,24.61,1.7,-1.7,1.8734,0.0467,-0.0467,0.026,0.405,-0.026,1336.3,37.0,-37.0,5.868147608206203,1.2160728485108343,4.6800385,9.506686,0.8215188338408212,0.1784811661591787
1422,1422.02,K01422.02,0.22,,,1.14,0.04,3665,21,19,0.414,0.012,0.013,3371,21,20,0.276138,0.667,0.007,0.007,0.3320859,0.20017403,1.87,0.32,0.33,2.62,0.47,0.48,19.85029495,5.525e-05,-5.525e-05,54.1,6.1,-6.1,2.8407,0.0741,-0.0741,0.217,0.245,-0.217,1607.5,50.7,-50.7,5.3987489289485415,1.826194184838416,4.6800385,9.506686,0.8182027263256391,0.1817972736743608
1422,1422.03,K01422.03,0.22,,,1.14,0.04,3665,21,19,0.414,0.012,0.013,3371,21,20,0.276138,0.667,0.007,0.007,0.3320859,0.20017403,1.39,0.26,0.25,1.96,0.34,0.36,10.8644095,4.884e-05,-4.884e-05,30.8,13.0,-13.0,1.853,0.119,-0.119,0.763,0.015,-0.551,748.7,51.4,-51.4,3.32563942671434,4.2110369364240015,4.6800385,9.506686,0.7142469427582359,0.2857530572417641
1422,1422.04,K01422.04,0.22,,,1.14,0.04,3665,21,19,0.414,0.012,0.013,3371,21,20,0.276138,0.667,0.007,0.007,0.3320859,0.20017403,1.44,0.25,0.26,2.03,0.35,0.38,63.3354719,0.000927,-0.000927,136.2,15.7,-15.7,3.651,0.251,-0.251,0.029,0.422,-0.029,983.0,83.8,-83.8,8.461991119947799,2.9262832727572787,4.6800385,9.506686,0.3233947443296567,0.6766052556703432
1422,1422.05,K01422.05,0.22,,,1.14,0.04,3665,21,19,0.414,0.012,0.013,3371,21,20,0.276138,0.667,0.007,0.007,0.3320859,0.20017403,1.29,0.23,0.24,1.81,0.31,0.31,34.1420506,0.0002289,-0.0002289,90.33,5.5,-5.5,2.945,0.179,-0.179,0.105,0.334,-0.105,788.0,63.1,-63.1,8.49477912974258,1.5516866560473,4.6800385,9.506686,0.0836881800960175,0.9163118199039824
1436,1436.01,K01436.01,0.15,,,2.9,0.05,5763,42,45,0.918,0.011,0.011,3578,20,20,0.3672,0.4,0.008,0.007,0.8985729,0.2858435,1.22,0.34,0.34,4.92,1.42,1.38,2.508553286,7.668e-06,-7.668e-06,8.587,0.607,-0.607,2.2664,0.0736,-0.0736,0.009,0.448,-0.009,211.6,9.0,-9.0,1.351801709861829,0.2866694903526715,1.1615163,5.7732496,0.9999907032418972,9.296758102869792e-06
1436,1436.02,K01436.02,0.15,,,2.9,0.05,5763,42,45,0.918,0.011,0.011,3578,20,20,0.3672,0.4,0.008,0.007,0.8985729,0.2858435,1.6,0.44,0.45,6.42,1.79,1.82,13.75129636,6.486e-05,-6.486e-05,25.96,7.7,-7.7,3.853,0.104,-0.104,0.359,0.092,-0.359,348.5,15.0,-15.0,1.242974001017768,1.106036187346319,1.1615163,5.7732496,0.9945014514235736,0.0054985485764263
1436,1436.03,K01436.03,0.15,,,2.9,0.05,5763,42,45,0.918,0.011,0.011,3578,20,20,0.3672,0.4,0.008,0.007,0.8985729,0.2858435,1.34,0.38,0.37,5.38,1.55,1.49,5.41908491,2.176e-05,-2.176e-05,15.26,4.3,-4.3,2.3379,0.0867,-0.0867,0.536,0.396,-0.33,231.0,12.4,-12.4,1.6257245088796994,1.374301845645355,1.1615163,5.7732496,0.9609651285165292,0.0390348714834707
1506,1506.01,K01506.01,1.15,,,2.24,0.01,5848,48,45,0.938,0.015,0.016,3805,25,23,0.47744203,0.509,0.004,0.004,0.92311025,0.3968723,3.02,0.82,0.83,10.05,2.8,2.75,40.4286676,0.0001805,-0.0001805,24.0,11.3,-11.3,7.102,0.179,-0.179,0.872,0.054,-0.618,916.1,25.1,-25.1,0.1136292478406466,0.1605013125749134,1.1185232,3.6466062,0.999946708102583,5.3291897417011954e-05
1521,1521.01,K01521.01,0.06,,,0.48,0.03,5374,62,60,0.814,0.017,0.015,4732,77,75,0.703296,0.864,0.01,0.009,0.7731798,0.6440546,1.76,0.18,0.18,2.44,0.26,0.27,25.9421582,0.0001126,-0.0001126,41.4,16.8,-16.8,4.045,0.104,-0.104,0.577,0.295,-0.372,569.7,20.3,-20.3,1.4165244677611508,1.7244645694483576,1.4335315,1.851434,0.5077370116556442,0.4922629883443558
1531,1531.01,K01531.01,0.38,,,1.23,0.0,6089,72,76,1.021,0.038,0.038,4798,103,103,0.667734,0.654,0.005,0.005,1.0263186,0.6036072,1.36,0.27,0.27,2.43,0.49,0.48,5.69919592,1.367e-05,-1.367e-05,18.429,0.983,-0.983,2.3906,0.0603,-0.0603,0.007,0.444,-0.007,159.4,5.3,-5.3,2.5888888219523105,0.4142727839783691,0.9642839,2.0274208,0.0019131876213465,0.9980868123786534
1589,1589.01,K01589.01,0.18,,,0.63,0.02,6228,96,90,1.108,0.049,0.047,5647,123,112,0.87642807,0.791,0.006,0.006,1.1367755,0.84799904,3.44,0.77,0.78,4.22,0.91,0.94,8.72585478,2.992e-05,-2.992e-05,7.0,3.3,-3.3,4.473,0.0658,-0.0658,0.911,0.004,-0.63,446.7,12.8,-12.8,0.0605220210274751,0.0855954297388577,0.8357095,1.2596402,0.975126890310628,0.024873109689372
1589,1589.02,K01589.02,0.18,,,0.63,0.02,6228,96,90,1.108,0.049,0.047,5647,123,112,0.87642807,0.791,0.006,0.006,1.1367755,0.84799904,3.8,0.84,0.83,4.64,1.02,1.04,12.88291395,6.888e-05,-6.888e-05,6.24,3.1,-3.1,5.676,0.59,-0.59,0.962,0.048,-0.565,460.5,18.9,-18.9,0.0196680281443074,0.0293129265612274,0.8357095,1.2596402,0.7186052483763574,0.2813947516236426
1589,1589.03,K01589.03,0.18,,,0.63,0.02,6228,96,90,1.108,0.049,0.047,5647,123,112,0.87642807,0.791,0.006,0.006,1.1367755,0.84799904,3.06,0.68,0.68,3.79,0.83,0.82,27.4345973,0.0001317,-0.0001317,34.3,13.2,-13.2,5.038,0.121,-0.121,0.603,0.022,-0.462,472.6,19.4,-19.4,0.720311659398636,0.8316134609966759,0.8357095,1.2596402,0.5474964927079746,0.4525035072920254
1589,1589.04,K01589.04,0.18,,,0.63,0.02,6228,96,90,1.108,0.049,0.047,5647,123,112,0.87642807,0.791,0.006,0.006,1.1367755,0.84799904,1.91,0.43,0.42,2.37,0.53,0.53,4.22453631,2.22e-05,-2.22e-05,6.15,2.7,-2.7,3.128,0.119,-0.119,0.823,0.125,-0.563,159.1,10.3,-10.3,0.1751066005319201,0.2306282055786265,0.8357095,1.2596402,0.9692133307894985,0.0307866692105016
1589,1589.05,K01589.05,0.18,,,0.63,0.02,6228,96,90,1.108,0.049,0.047,5647,123,112,0.87642807,0.791,0.006,0.006,1.1367755,0.84799904,2.72,0.6,0.59,3.39,0.77,0.78,44.5520266,0.0004531,-0.0004531,42.6,20.4,-20.4,6.0,0.212,-0.212,0.689,0.253,-0.454,362.1,22.5,-22.5,0.5232739717166957,0.7517457058465205,0.8357095,1.2596402,0.5907855495913037,0.4092144504086963
1648,1648.01,K01648.01,0.15,,,0.7,0.01,5727,82,79,0.91,0.034,0.032,4866,103,101,0.72527003,0.797,0.006,0.006,0.8887953,0.6693059,2.79,0.25,0.26,4.16,0.39,0.4,38.3262237,0.000273,-0.000273,33.3,16.7,-16.7,3.073,0.123,-0.123,0.963,0.001,-0.698,392.1,30.2,-30.2,0.3377348714292293,0.5081236353935253,1.1794446,1.7543873,0.8630498471988778,0.1369501528011222
1656,1656.01,K01656.01,1.06,,,,,6485,116,116,1.245,0.067,0.063,5175,126,122,0.77937,0.626,0.016,0.015,1.3151088,0.7322841,3.85,0.9,0.95,6.31,1.47,1.56,51.3901452,0.0006219,-0.0006219,26.0,12.9,-12.9,5.995,0.213,-0.213,0.946,0.002,-0.654,494.0,37.6,-37.6,0.0894119606639376,0.1330862645267071,0.68148077,1.5468513,0.9998195787945516,0.0001804212054483
1677,1677.01,K01677.01,0.6,,,2.48,0.05,6420,55,53,1.229,0.026,0.025,3979,45,38,0.556737,0.453,0.008,0.007,1.2940166,0.48090866,2.91,0.45,0.43,10.14,1.59,1.54,52.069002,0.0001959,-0.0001959,130.1,21.4,-21.4,3.0089,0.0887,-0.0887,0.275,0.18,-0.275,558.3,23.3,-23.3,10.912107764843498,5.384760326694486,0.6970826,2.7868419,0.3391582170479795,0.6608417829520205
1681,1681.01,K01681.01,0.15,,,0.07,0.02,3695,22,23,0.43,0.014,0.014,3660,21,21,0.41882,0.974,0.007,0.007,0.34820545,0.3369258,2.0,0.34,0.32,2.07,0.32,0.33,6.93910337,3.06e-05,-3.06e-05,6.5,3.2,-3.2,2.977,0.133,-0.133,0.966,0.043,-0.731,614.7,28.6,-28.6,0.0766246704500391,0.1131687440492886,4.379557,4.58619,0.5216241516650417,0.4783758483349582
1681,1681.02,K01681.02,0.15,,,0.07,0.02,3695,22,23,0.43,0.014,0.014,3660,21,21,0.41882,0.974,0.007,0.007,0.34820545,0.3369258,9.73,1.52,1.53,10.03,1.63,1.52,1.992812339,7.832e-06,-7.832e-06,1.971,0.986,-0.986,2.066,0.177,-0.177,1.127,15.76,-0.104,314.8,22.8,-22.8,0.0259037314898735,0.0388753108813018,4.379557,4.58619,0.5046166724312027,0.4953833275687972
1681,1681.03,K01681.03,0.15,,,0.07,0.02,3695,22,23,0.43,0.014,0.014,3660,21,21,0.41882,0.974,0.007,0.007,0.34820545,0.3369258,15.11,2.34,2.37,15.7,2.46,2.49,3.53105835,1.877e-05,-1.877e-05,3.46,1.7,-1.7,1.778,0.225,-0.225,1.213,59.41,-2.797,310.8,33.1,-33.1,0.0446327629092115,0.0657881765424794,4.379557,4.58619,0.5097213355519679,0.4902786644480322
1681,1681.04,K01681.04,0.15,,,0.07,0.02,3695,22,23,0.43,0.014,0.014,3660,21,21,0.41882,0.974,0.007,0.007,0.34820545,0.3369258,14.84,2.26,2.36,15.29,2.38,2.3,21.9139549,0.0002121,-0.0002121,13.18,6.6,-6.6,3.271,0.426,-0.426,1.2,70.91,-5.452,584.4,64.0,-64.0,0.0640530726333424,0.096225405018223,4.379557,4.58619,0.5168608118280645,0.4831391881719354
1700,1700.01,K01700.01,0.28,,,0.55,0.06,5472,102,102,0.837,0.033,0.031,4749,127,122,0.705591,0.843,0.016,0.015,0.80058384,0.6466828,1.9,0.35,0.35,2.71,0.49,0.5,8.03753796,2.269e-05,-2.269e-05,12.7,6.0,-6.0,2.9118,0.068,-0.068,0.821,0.097,-0.578,286.5,10.5,-10.5,0.4259909303667507,0.6037666729607492,1.3653075,1.8409084,0.765955446046658,0.234044553953342
1792,1792.01,K01792.01,0.51,,,2.0,0.02,6594,75,65,1.384,0.058,0.031,4805,87,81,0.700304,0.506,0.005,0.006,1.5011362,0.64063144,6.28,1.35,1.38,13.03,2.82,2.86,88.40678718,8.035e-05,-8.035e-05,48.9,17.7,-17.7,12.3079,0.0782,-0.0782,0.535,0.056,-0.198,1724.4,5.5,-5.5,0.2009974859360074,0.2182610736851123,0.5662548,1.8652991,0.9999435598435396,5.64401564603464e-05
1792,1792.02,K01792.02,0.51,,,2.0,0.02,6594,75,65,1.384,0.058,0.031,4805,87,81,0.700304,0.506,0.005,0.006,1.5011362,0.64063144,1.06,0.23,0.23,2.18,0.5,0.49,1.546222068,8.553e-06,-8.553e-06,1.48,0.411,-0.411,7.998,0.142,-0.142,0.503,0.021,-0.479,49.4,1.2,-1.2,0.0182169923327138,0.0151767240177271,0.5662548,1.8652991,0.8256293416362264,0.1743706583637735
1792,1792.03,K01792.03,0.51,,,2.0,0.02,6594,75,65,1.384,0.058,0.031,4805,87,81,0.700304,0.506,0.005,0.006,1.5011362,0.64063144,1.81,0.42,0.41,3.76,0.8,0.86,9.10969334,2.7e-05,-2.7e-05,8.76,3.5,-3.5,5.3181,0.0677,-0.0677,0.761,0.01,-0.542,126.4,2.7,-2.7,0.1088278545252916,0.1304443461775756,0.5662548,1.8652991,0.9999929947595532,7.00524044670488e-06
1816,1816.01,K01816.01,0.17,,,2.05,0.24,5180,90,90,0.782,0.02,0.021,3741,84,73,0.45512402,0.582,0.046,0.046,0.7353743,0.3738197,4.93,0.63,0.63,13.08,1.75,1.81,10.240611361,5.615e-06,-5.615e-06,57.3,24.9,-24.9,0.9617,0.0241,-0.0241,0.786,0.016,-0.558,2958.0,53.8,-53.8,24.101682475825974,31.420517992045383,1.5377586,3.9652712,0.4868638080326831,0.513136191967317
1830,1830.01,K01830.01,0.46,,,1.37,0.03,5235,77,101,0.779,0.017,0.03,3945,37,37,0.52738297,0.677,0.007,0.007,0.73184955,0.4494254,2.26,0.23,0.22,5.15,0.51,0.52,13.22714056,2.728e-05,-2.728e-05,31.53,1.7,-1.7,3.2861,0.051,-0.051,0.013,0.406,-0.013,812.0,17.8,-17.8,2.406995281501985,0.3893332044294362,1.5481372,3.0639334,0.2314910795020304,0.7685089204979695
1830,1830.02,K01830.02,0.46,,,1.37,0.03,5235,77,101,0.779,0.017,0.03,3945,37,37,0.52738297,0.677,0.007,0.007,0.73184955,0.4494254,3.63,0.35,0.36,8.21,0.79,0.81,198.7106251,0.0007117,-0.0007117,182.85,7.7,-7.7,8.638,0.115,-0.115,0.026,0.387,-0.026,2094.8,35.7,-35.7,2.080070136584105,0.2627816251303955,1.5481372,3.0639334,0.6402485064787308,0.3597514935212693
1833,1833.01,K01833.01,0.02,,,1.44,0.46,4546,35,870,0.627,0.008,0.233,3475,1102,67,0.29218197,0.466,0.991,0.035,0.557936,0.21481606,2.23,1.58,1.01,3.53,0.89,1.09,3.69298623,7.316e-06,-7.316e-06,10.77,5.3,-5.3,1.7744,0.0543,-0.0543,0.775,0.051,-0.531,763.3,25.7,-25.7,1.2306285811176103,1.8168054261624893,2.263507,8.61205,0.9951589669252336,0.0048410330747664
1833,1833.02,K01833.02,0.02,,,1.44,0.46,4546,35,870,0.627,0.008,0.233,3475,1102,67,0.29218197,0.466,0.991,0.035,0.557936,0.21481606,3.33,2.13,1.5,5.24,1.35,1.56,7.68433346,1.413e-05,-1.413e-05,17.43,8.6,-8.6,1.4346,0.0709,-0.0709,0.951,0.029,-0.676,1175.0,49.6,-49.6,1.2048001693256074,1.7833530905680246,2.263507,8.61205,0.9958784981642668,0.004121501835733
1833,1833.03,K01833.03,0.02,,,1.44,0.46,4546,35,870,0.627,0.008,0.233,3475,1102,67,0.29218197,0.466,0.991,0.035,0.557936,0.21481606,1.93,1.22,0.87,3.07,0.8,0.97,5.70940795,1.832e-05,-1.832e-05,18.74,8.5,-8.5,1.622,0.0844,-0.0844,0.751,0.185,-0.542,586.7,34.0,-34.0,2.712450820884714,3.69090159725508,2.263507,8.61205,0.7559721777988164,0.2440278222011835
1835,1835.01,K01835.01,0.05,,,0.03,0.01,5158,55,57,0.772,0.012,0.011,5127,66,67,0.765824,0.992,0.007,0.008,0.7236385,0.7164093,1.36,0.11,0.11,1.39,0.12,0.12,4.580346161,7.038e-06,-7.038e-06,15.71,5.4,-5.4,2.097,0.0384,-0.0384,0.384,0.077,-0.384,308.3,6.8,-6.8,2.482945670081936,2.560389551580354,1.5727863,1.5950499,0.4992395502657831,0.5007604497342169
1835,1835.02,K01835.02,0.05,,,0.03,0.01,5158,55,57,0.772,0.012,0.011,5127,66,67,0.765824,0.992,0.007,0.008,0.7236385,0.7164093,1.23,0.1,0.1,1.26,0.11,0.11,2.248288213,2.61e-06,-2.61e-06,8.578,0.272,-0.272,2.0361,0.0311,-0.0311,0.004,0.46,-0.004,263.2,5.0,-5.0,1.6776038820854204,0.159585540660026,1.5727863,1.5950499,0.4933712460553202,0.5066287539446799
1835,1835.03,K01835.03,0.05,,,0.03,0.01,5158,55,57,0.772,0.012,0.011,5127,66,67,0.765824,0.992,0.007,0.008,0.7236385,0.7164093,1.29,0.11,0.11,1.31,0.11,0.11,6.76690759,1.438e-05,-1.438e-05,23.7,8.4,-8.4,1.7062,0.0533,-0.0533,0.648,0.267,-0.42,249.3,9.4,-9.4,3.9057083533315375,4.152905084555052,1.5727863,1.5950499,0.4992495783519536,0.5007504216480465
1839,1839.01,K01839.01,0.11,,,1.55,0.01,5487,55,52,0.815,0.012,0.012,3951,29,28,0.5216,0.64,0.005,0.005,0.77436733,0.44327372,3.98,2.24,2.24,10.13,5.85,5.76,9.59068586,2.495e-05,-2.495e-05,20.31,5.5,-5.5,3.452,0.071,-0.071,0.359,0.075,-0.359,544.6,15.7,-15.7,1.2236739145077309,0.9941220871185408,1.430455,3.1236272,0.8136182316022424,0.1863817683977575
1839,1839.02,K01839.02,0.11,,,1.55,0.01,5487,55,52,0.815,0.012,0.012,3951,29,28,0.5216,0.64,0.005,0.005,0.77436733,0.44327372,4.99,2.81,3.02,12.72,7.18,7.79,80.4103783,0.0006001,-0.0006001,82.7,40.6,-40.6,3.487,0.192,-0.192,0.913,0.068,-0.638,591.4,46.8,-46.8,1.1752427535105268,1.7308895692573418,1.430455,3.1236272,0.6409729310300046,0.3590270689699953
1841,1841.01,K01841.01,0.31,,,2.1,0.01,5367,50,53,0.808,0.011,0.011,3709,19,18,0.434704,0.538,0.003,0.003,0.76606256,0.35297346,2.0,0.19,0.19,5.93,0.57,0.57,49.6075771,0.0001,-0.0001,87.7,36.9,-36.9,2.9575,0.0599,-0.0599,0.764,0.015,-0.544,626.7,16.2,-16.2,3.682459778861304,4.648213198631086,1.4522123,4.296958,0.473454565029601,0.526545434970399
1845,1845.01,K01845.01,1.99,,,2.89,0.06,4933,37,34,0.756,0.006,0.007,3414,15,13,0.312228,0.413,0.003,0.003,0.70494014,0.23339406,3.86,2.48,2.4,12.7,8.14,7.9,1.970340203,2.276e-06,-2.276e-06,4.74,2.2,-2.2,1.7901,0.0341,-0.0341,0.859,0.033,-0.606,403.2,8.5,-8.5,0.3685427323788439,0.5131607666034534,1.6314993,7.667862,0.999999400376371,5.996236289515329e-07
1845,1845.02,K01845.02,1.99,,,2.89,0.06,4933,37,34,0.756,0.006,0.007,3414,15,13,0.312228,0.413,0.003,0.003,0.70494014,0.23339406,10.4,6.51,6.82,34.05,21.04,22.64,5.05821338,4.738e-06,-4.738e-06,11.53,5.7,-5.7,1.132,0.112,-0.112,1.004,0.042,-0.696,748.3,23.7,-23.7,0.8048758445212875,1.193701382594451,1.6314993,7.667862,0.9997613773865694,0.0002386226134305
1853,1853.01,K01853.01,0.96,,,0.18,0.01,6327,48,48,1.162,0.021,0.021,6141,54,55,1.084146,0.933,0.005,0.005,1.2064453,1.1062664,2.32,0.43,0.43,2.47,0.45,0.46,60.0853848,0.0002239,-0.0002239,42.4,21.0,-21.0,7.007,0.116,-0.116,0.79,0.131,-0.535,432.2,9.6,-9.6,0.283658067686024,0.421473072269328,0.7689344,0.8681532,0.5649162772112651,0.4350837227887348
1857,1857.01,K01857.01,0.16,,,,,6121,90,89,1.068,0.048,0.04,4759,122,118,0.711288,0.666,0.02,0.02,1.0857105,0.653216,3.14,0.62,0.62,5.67,1.07,1.09,88.6440015,0.0002922,-0.0002922,62.8,30.8,-30.8,7.82,0.111,-0.111,0.724,0.003,-0.539,625.5,12.2,-12.2,0.4234630199330228,0.6230570548059126,0.8912517,1.815183,0.8611929553761738,0.1388070446238261
1890,1890.01,K01890.01,0.41,3.44,3.44,2.04,0.01,6603,31,31,1.348,0.027,0.03,4486,72,60,0.66591203,0.494,0.005,0.005,1.4524875,0.6015491,1.5,0.09,0.09,3.8,0.25,0.26,4.33643506,1.148e-05,-1.148e-05,6.29,2.8,-2.8,4.1445,0.0568,-0.0568,0.641,0.267,-0.427,108.5,2.6,-2.6,0.1777958035563414,0.2374379570545735,0.5929836,2.0371382,0.9999629194856644,3.708051433576421e-05
1899,1899.01,K01899.01,1.84,,,,,6094,45,43,1.109,0.016,0.016,5501,48,54,0.97259295,0.877,0.007,0.006,1.1380581,0.96585935,2.52,0.85,0.88,3.15,1.07,1.09,19.76169247,6.983e-05,-6.983e-05,16.87,8.3,-8.3,3.9097,0.0871,-0.0871,0.924,0.032,-0.639,392.5,11.8,-11.8,0.1651704068908303,0.2437903456776333,0.8343914,1.0498338,0.8407570056520516,0.1592429943479484
1899,1899.02,K01899.02,1.84,,,,,6094,45,43,1.109,0.016,0.016,5501,48,54,0.97259295,0.877,0.007,0.006,1.1380581,0.96585935,0.98,0.33,0.31,1.23,0.41,0.4,10.5226374,0.0001833,-0.0001833,12.63,6.3,-6.3,3.864,0.416,-0.416,0.806,0.151,-0.587,68.9,9.5,-9.5,0.2444534129612814,0.3658091452864782,0.8343914,1.0498338,0.7069419993436633,0.2930580006563366
1900,1900.01,K01900.01,0.1,,,0.27,0.03,4745,66,67,0.705,0.016,0.016,4418,59,58,0.65283,0.926,0.01,0.011,0.64600575,0.58681357,1.82,0.2,0.21,2.25,0.27,0.27,5.18498961,1.159e-05,-1.159e-05,18.865,0.491,-0.491,2.1397,0.058,-0.058,0.021,0.415,-0.021,430.1,13.7,-13.7,3.35513432164762,0.2619725871077097,1.84361,2.109113,0.0365613709987912,0.9634386290012088
1906,1906.01,K01906.01,0.52,,,2.71,0.01,5823,56,59,0.957,0.02,0.018,3656,22,21,0.41629502,0.435,0.003,0.003,0.9465421,0.33438864,3.51,0.81,0.83,13.24,3.07,3.1,8.710442022,7.906e-06,-7.906e-06,32.3,16.1,-16.1,0.9425,0.0373,-0.0373,0.935,0.038,-0.679,1196.4,42.0,-42.0,5.967087994087435,8.922921056174092,1.0799512,4.63498,0.4653394577958331,0.5346605422041669
1908,1908.01,K01908.01,1.27,4.11,0.13,3.22,0.01,4413,28,27,0.649,0.006,0.006,3248,12,12,0.226501,0.349,0.002,0.002,0.58251333,0.15625635,1.27,0.09,0.09,3.68,0.25,0.26,12.55111099,3.528e-05,-3.528e-05,26.94,8.4,-8.4,3.1293,0.0729,-0.0729,0.519,0.047,-0.433,494.1,16.4,-16.4,1.6674917657333417,1.5597918521336382,2.1309428,13.447059,0.9999757948400354,2.420515996466665e-05
1908,1908.02,K01908.02,1.27,4.11,0.13,3.22,0.01,4413,28,27,0.649,0.006,0.006,3248,12,12,0.226501,0.349,0.002,0.002,0.58251333,0.15625635,1.1,0.07,0.07,3.19,0.21,0.2,24.0884178,0.0001763,-0.0001763,44.0,17.1,-17.1,3.952,0.14,-0.14,0.376,0.069,-0.376,387.2,20.1,-20.1,1.972317113867106,2.29954245321324,2.1309428,13.447059,0.9991193711605144,0.0008806288394855
1916,1916.01,K01916.01,0.27,,,1.1,0.01,6295,78,70,1.146,0.045,0.047,5149,134,121,0.77813405,0.679,0.006,0.006,1.1857163,0.7308328,2.45,0.56,0.58,3.87,0.9,0.91,20.67876365,6.41e-05,-6.41e-05,26.2,10.8,-10.8,4.6395,0.085,-0.085,0.665,0.297,-0.451,323.9,7.9,-7.9,0.56505405915293,0.6987691418532418,0.7878198,1.5511535,0.6999272403350801,0.3000727596649198
1916,1916.02,K01916.02,0.27,,,1.1,0.01,6295,78,70,1.146,0.045,0.047,5149,134,121,0.77813405,0.679,0.006,0.006,1.1857163,0.7308328,2.09,0.52,0.5,3.31,0.76,0.79,9.59993246,2.139e-05,-2.139e-05,17.2,1.0,-1.0,4.3206,0.0549,-0.0549,0.063,0.362,-0.063,271.2,5.5,-5.5,0.7417955941635843,0.1293829524703926,0.7878198,1.5511535,0.9899156292513688,0.0100843707486313
1916,1916.03,K01916.03,0.27,,,1.1,0.01,6295,78,70,1.146,0.045,0.047,5149,134,121,0.77813405,0.679,0.006,0.006,1.1857163,0.7308328,1.02,0.24,0.25,1.59,0.36,0.37,2.0248205,1.002e-05,-1.002e-05,5.954,0.623,-0.623,2.55,0.118,-0.118,0.248,0.22,-0.248,63.3,3.5,-3.5,0.6916536874795196,0.2171146694489792,0.7878198,1.5511535,0.9726552553512904,0.0273447446487096
1961,1961.01,K01961.01,0.04,,,0.15,0.01,5510,42,44,0.834,0.009,0.009,5360,64,71,0.790632,0.948,0.006,0.006,0.7969986,0.7455349,0.88,0.1,0.1,0.95,0.1,0.1,1.907810683,3.168e-06,-3.168e-06,7.22,2.7,-2.7,1.8707,0.0447,-0.0447,0.41,0.037,-0.41,120.5,3.5,-3.5,1.3892368801224773,1.5585621508299263,1.3739136,1.5084982,0.5007049313047846,0.4992950686952154
1962,1962.01,K01962.01,0.12,,,0.09,0.04,6245,39,31,1.121,0.028,0.025,6144,35,38,1.06495,0.95,0.009,0.009,1.153472,1.0818362,2.5,0.23,0.24,2.59,0.23,0.24,32.85862571,9.207e-05,-9.207e-05,27.4,13.6,-13.6,3.1483,0.0838,-0.0838,0.955,0.017,-0.666,162.8,5.1,-5.1,0.2559694655403858,0.3811516129214504,0.8188232,0.89572334,0.5659069284872698,0.4340930715127302
1964,1964.01,K01964.01,0.39,,,1.85,0.07,5792,14,19,0.883,0.008,0.007,3995,12,16,0.54657704,0.619,0.007,0.007,0.8559549,0.4699636,0.53,0.07,0.08,1.48,0.21,0.21,2.229326354,6.272e-06,-6.272e-06,8.35,1.8,-1.8,1.9946,0.0708,-0.0708,0.249,0.206,-0.249,49.1,2.3,-2.3,1.5737922063898488,1.0177817861682854,1.2432795,2.8781278,0.6558706387477717,0.3441293612522282
1972,1972.01,K01972.01,1.05,,,0.69,0.02,6322,89,90,1.158,0.048,0.052,5690,99,106,0.896292,0.774,0.006,0.006,1.2012564,0.8720912,3.0,0.71,0.7,3.78,0.9,0.92,17.79108667,4.413e-05,-4.413e-05,39.9,13.8,-13.8,2.662,0.0593,-0.0593,0.654,0.037,-0.495,414.2,11.3,-11.3,2.696180729461819,2.797540907261136,0.77358854,1.2111931,0.476154693796715,0.523845306203285
1972,1972.02,K01972.02,1.05,,,0.69,0.02,6322,89,90,1.158,0.048,0.052,5690,99,106,0.896292,0.774,0.006,0.006,1.2012564,0.8720912,1.03,0.24,0.24,1.31,0.32,0.31,1.226223959,4.434e-06,-4.434e-06,4.388,0.222,-0.222,2.1689,0.0874,-0.0874,0.005,0.446,-0.005,56.1,3.6,-3.6,0.7549106038430223,0.1145785009479154,0.77358854,1.2111931,0.9046307291725212,0.0953692708274789
1977,1977.01,K01977.01,0.08,,,0.12,0.03,4583,56,49,0.677,0.013,0.013,4436,56,49,0.65533596,0.968,0.01,0.011,0.6140954,0.5896306,2.37,0.25,0.26,2.61,0.28,0.27,9.38740646,2.454e-05,-2.454e-05,17.44,8.7,-8.7,1.6165,0.0622,-0.0622,0.946,0.015,-0.691,384.6,20.0,-20.0,0.8086925843735094,1.2102566773020984,1.9791095,2.095019,0.5220029771168657,0.4779970228831341
1977,1977.02,K01977.02,0.08,,,0.12,0.03,4583,56,49,0.677,0.013,0.013,4436,56,49,0.65533596,0.968,0.01,0.011,0.6140954,0.5896306,1.11,0.11,0.11,1.22,0.12,0.12,7.41556471,5.357e-05,-5.357e-05,26.2,10.9,-10.9,1.973,0.194,-0.194,0.434,0.02,-0.434,150.4,15.6,-15.6,4.393905172608831,5.483996150546137,1.9791095,2.095019,0.4977280524065997,0.5022719475934003
1979,1979.01,K01979.01,0.78,3.2,0.39,1.8,0.02,6215,36,34,1.103,0.017,0.018,4525,50,39,0.654079,0.593,0.005,0.005,1.1303668,0.58821726,1.18,0.2,0.2,2.55,0.44,0.44,2.714078374,3.865e-06,-3.865e-06,8.31,3.9,-3.9,1.3115,0.0408,-0.0408,0.868,0.004,-0.601,143.5,4.7,-4.7,1.046630933335929,1.4735958989206217,0.8423504,2.1020696,0.5586604050199068,0.4413395949800932
1989,1989.01,K01989.01,0.89,,,2.92,0.06,5817,40,38,0.932,0.009,0.008,3642,21,21,0.3961,0.425,0.008,0.008,0.9157351,0.3142361,2.17,0.3,0.33,8.32,1.23,1.31,201.118319,0.001461,-0.001461,152.01,2.3,-2.3,10.328,0.165,-0.165,0.001,0.417,-0.001,584.8,19.2,-19.2,1.1666712081485036,0.0529572484456593,1.1311551,5.0564013,0.9999978856685736,2.1143314265370266e-06
1996,1996.01,K01996.01,0.21,,,0.91,0.05,5296,35,38,0.799,0.017,0.018,3997,5,9,0.616029,0.771,0.01,0.012,0.7554113,0.5457597,2.56,0.23,0.3,5.61,0.64,0.53,10.13200555,3.175e-05,-3.175e-05,25.09,1.7,-1.7,3.1683,0.0689,-0.0689,0.03,0.399,-0.03,911.6,26.8,-26.8,2.067028239328464,0.4201611805729439,1.4809593,2.3345218,0.3450866207153568,0.6549133792846431
1996,1996.02,K01996.02,0.21,,,0.91,0.05,5296,35,38,0.799,0.017,0.018,3997,5,9,0.616029,0.771,0.01,0.012,0.7554113,0.5457597,1.29,0.11,0.15,2.82,0.32,0.28,7.07394528,6.358e-05,-6.358e-05,22.73,7.4,-7.4,2.319,0.172,-0.172,0.277,0.176,-0.277,228.3,26.8,-26.8,3.1528998734651794,3.0793830704323355,1.4809593,2.3345218,0.4720868107669647,0.5279131892330352
2002,2002.01,K02002.01,0.24,,,1.63,0.01,6223,74,76,1.115,0.036,0.036,4402,98,80,0.64893,0.582,0.007,0.007,1.1457598,0.58243483,2.29,0.53,0.53,5.41,1.22,1.23,14.37504582,8.684e-05,-8.684e-05,14.39,7.1,-7.1,3.208,0.151,-0.151,0.927,0.019,-0.672,251.1,18.4,-18.4,0.1937310224213602,0.2867596092824859,0.8265497,2.131345,0.9997043982202,0.0002956017798001
2009,2009.01,K02009.01,1.51,,,2.75,0.06,6025,40,42,1.025,0.01,0.01,3748,21,21,0.45305,0.442,0.006,0.006,1.031347,0.37169152,2.08,0.3,0.31,7.72,1.15,1.16,86.7490807,0.0005499,-0.0005499,73.73,1.9,-1.9,9.179,0.135,-0.135,0.003,0.406,-0.003,547.1,17.3,-17.3,0.7155470628171097,0.0553182999872172,0.9577083,3.9970934,0.9999987771533106,1.222846689267966e-06
2048,2048.01,K02048.01,1.9,,,,,5346,48,61,0.792,0.015,0.013,3769,24,23,0.465696,0.588,0.006,0.006,0.74714774,0.38470528,1.91,0.18,0.18,5.32,0.53,0.52,6.17998508,1.553e-05,-1.553e-05,22.6,3.1,-3.1,2.1094,0.0684,-0.0684,0.175,0.29,-0.175,750.5,29.4,-29.4,4.060558093649573,1.67093762260801,1.5039415,3.8090844,0.2424246531113473,0.7575753468886526
2058,2058.01,K02058.01,0.29,,,2.88,0.05,4021,13,12,0.584,0.007,0.007,3209,13,13,0.219,0.375,0.007,0.007,0.51052386,0.14981495,1.25,0.1,0.1,2.85,0.23,0.23,1.52373073,2.497e-06,-2.497e-06,3.28,1.6,-1.6,1.4796,0.0342,-0.0342,0.942,0.058,-0.679,364.7,13.1,-13.1,0.2041927614654478,0.2988186753152895,2.5631707,14.2633915,0.9999207659851908,7.923401480931126e-05
2059,2059.01,K02059.01,0.38,,,0.14,0.01,5125,108,103,0.786,0.026,0.033,4739,100,103,0.76635003,0.975,0.007,0.007,0.74007916,0.71702445,1.06,0.12,0.11,1.31,0.14,0.14,6.14728341,2.146e-05,-2.146e-05,16.86,2.6,-2.6,2.7645,0.0776,-0.0776,0.188,0.261,-0.188,119.7,4.8,-4.8,1.703889799121712,0.7882764195225003,1.5240897,1.5931345,0.4962612803082895,0.5037387196917104
2059,2059.02,K02059.02,0.38,,,0.14,0.01,5125,108,103,0.786,0.026,0.033,4739,100,103,0.76635003,0.975,0.007,0.007,0.74007916,0.71702445,0.59,0.06,0.06,0.73,0.07,0.07,2.18565886,1.714e-05,-1.714e-05,7.88,3.8,-3.8,1.966,0.218,-0.218,0.394,0.064,-0.394,35.6,3.9,-3.9,1.376097357743889,1.990800745974662,1.5240897,1.5931345,0.5007827890621672,0.4992172109378327
2067,2067.01,K02067.01,1.62,,,0.73,0.01,6502,30,29,1.292,0.014,0.014,6289,34,32,0.963832,0.746,0.004,0.004,1.3774574,0.9549963,1.74,0.27,0.29,1.86,0.29,0.3,13.24503482,4.677e-05,-4.677e-05,20.22,6.1,-6.1,4.4078,0.0831,-0.0831,0.498,0.01,-0.468,156.1,5.0,-5.0,0.6331002850287348,0.5729839374889143,0.63869065,1.0665903,0.5659726458516428,0.4340273541483573
2075,2075.01,K02075.01,0.1,,,1.43,0.3,6261,36,39,1.123,0.015,0.015,4079,137,85,0.574976,0.512,0.028,0.025,1.156045,0.50068223,1.34,0.24,0.24,4.03,0.79,0.8,2.053341891,7.397e-06,-7.397e-06,2.03,1.0,-1.0,2.596,0.0661,-0.0661,0.966,0.011,-0.672,65.5,3.2,-3.2,0.0266563598666476,0.0393936352709079,0.816273,2.633983,0.9379901956820192,0.0620098043179808
2117,2117.01,K02117.01,0.33,,,0.53,0.05,4490,48,47,0.658,0.014,0.015,4021,33,25,0.569828,0.866,0.013,0.013,0.59262824,0.49508494,2.07,0.21,0.21,2.93,0.3,0.3,13.36019864,5.956e-05,-5.956e-05,32.0,12.9,-12.9,2.788,0.113,-0.113,0.534,0.329,-0.354,699.9,37.5,-37.5,2.466376469578176,2.982774042896107,2.080198,2.6757677,0.4985324421656922,0.5014675578343077
2124,2124.01,K02124.01,0.06,,,0.01,0.01,4232,32,30,0.605,0.007,0.007,4174,43,37,0.600765,0.993,0.011,0.01,0.5335735,0.5289088,2.08,0.15,0.16,2.19,0.15,0.16,42.3375799,0.0004059,-0.0004059,25.3,12.4,-12.4,4.924,0.157,-0.157,0.947,0.0,-0.655,354.8,22.6,-22.6,0.1213793392497876,0.1784708071182648,2.4095066,2.4393096,0.5244957257580234,0.4755042742419765
2132,2132.01,K02132.01,0.15,,,0.52,0.0,5656,82,87,0.887,0.032,0.028,4996,111,103,0.74951506,0.845,0.006,0.006,0.8608045,0.6973896,3.04,0.92,0.9,4.09,1.12,1.19,69.8956789,0.0005243,-0.0005243,54.6,27.2,-27.2,5.276,0.182,-0.182,0.872,0.064,-0.584,548.4,28.7,-28.7,0.4476231478024873,0.6689752538586623,1.2334843,1.6562823,0.6885522407476102,0.3114477592523897
2147,2147.01,K02147.01,0.08,,,1.32,0.07,6044,63,63,1.045,0.03,0.029,4534,124,103,0.68238497,0.653,0.015,0.014,1.0565629,0.6202072,1.57,0.26,0.27,3.18,0.54,0.54,37.8658964,0.0002184,-0.0002184,60.62,4.8,-4.8,4.782,0.134,-0.134,0.18,0.271,-0.18,395.2,16.2,-16.2,2.0873081815435284,0.4958303829466646,0.9258626,1.9518591,0.0747278566464129,0.9252721433535868
2147,2147.02,K02147.02,0.08,,,1.32,0.07,6044,63,63,1.045,0.03,0.029,4534,124,103,0.68238497,0.653,0.015,0.014,1.0565629,0.6202072,0.97,0.17,0.17,1.98,0.36,0.37,10.32736351,8.193e-05,-8.193e-05,28.2,12.7,-12.7,1.889,0.195,-0.195,0.754,0.208,-0.511,126.9,15.3,-15.3,2.824903789054373,3.8166253320202697,0.9258626,1.9518591,0.4756156292667682,0.5243843707332317
2224,2224.01,K02224.01,0.1,,,2.13,0.1,6176,57,59,1.094,0.024,0.025,4032,82,60,0.566692,0.518,0.016,0.015,1.1188494,0.4916815,1.32,0.22,0.21,4.06,0.69,0.7,3.73090026,1.5e-05,-1.5e-05,5.89,2.7,-2.7,2.9095,0.0933,-0.0933,0.822,0.017,-0.567,191.2,9.2,-9.2,0.1972213241671929,0.2712211758496202,0.85451496,2.7017343,0.9999793652239144,2.06347760855409e-05
2289,2289.01,K02289.01,0.94,,,2.78,0.1,6370,41,37,1.19,0.011,0.011,3838,43,43,0.49385002,0.415,0.013,0.013,1.242893,0.4139938,2.12,0.38,0.38,8.2,1.46,1.48,62.7843981,0.0004231,-0.0004231,97.7,17.0,-17.0,4.81,0.143,-0.143,0.272,0.171,-0.272,325.0,16.4,-16.4,3.178450738742049,1.659170805279882,0.7375523,3.43723,0.2561136020654861,0.7438863979345138
2289,2289.02,K02289.02,0.94,,,2.78,0.1,6370,41,37,1.19,0.011,0.011,3838,43,43,0.49385002,0.415,0.013,0.013,1.242893,0.4139938,1.48,0.25,0.26,5.72,1.01,1.01,20.0983676,0.0001238,-0.0001238,29.82,2.3,-2.3,5.207,0.144,-0.144,0.02,0.414,-0.02,157.8,8.8,-8.8,0.8819350665411535,0.2040694821976511,0.7375523,3.43723,0.999970309789519,2.969021048099945e-05
2298,2298.01,K02298.01,1.52,,,1.3,0.02,5578,55,60,0.884,0.011,0.011,4146,51,53,0.60377204,0.683,0.008,0.009,0.85716677,0.53222007,0.57,0.05,0.05,1.29,0.12,0.12,16.6671415,0.0001253,-0.0001253,32.9,10.2,-10.2,3.526,0.197,-0.197,0.444,0.042,-0.422,175.0,11.0,-11.0,1.7222679224998207,1.601866213632052,1.2408192,2.4180887,0.5112924250263888,0.4887075749736111
2298,2298.02,K02298.02,1.52,,,1.3,0.02,5578,55,60,0.884,0.011,0.011,4146,51,53,0.60377204,0.683,0.008,0.009,0.85716677,0.53222007,0.51,0.05,0.05,1.15,0.12,0.12,31.8055128,0.0006015,-0.0006015,54.5,17.4,-17.4,3.979,0.312,-0.312,0.476,0.498,-0.275,141.7,14.1,-14.1,2.149908449876787,2.05917836850584,1.2408192,2.4180887,0.4779049757184468,0.5220950242815531
2298,2298.03,K02298.03,1.52,,,1.3,0.02,5578,55,60,0.884,0.011,0.011,4146,51,53,0.60377204,0.683,0.008,0.009,0.85716677,0.53222007,0.29,0.03,0.03,0.66,0.06,0.06,2.47240869,1.886e-05,-1.886e-05,9.66,2.7,-2.7,1.87,0.173,-0.173,0.319,0.137,-0.319,47.5,6.0,-6.0,1.9811899692440085,1.6612462475027403,1.2408192,2.4180887,0.4837379624580602,0.5162620375419398
2376,2376.01,K02376.01,0.4,,,,,4972,60,56,0.674,0.012,0.011,4704,71,66,0.60727406,0.901,0.022,0.02,0.6106957,0.5360816,2.65,0.44,0.42,3.08,0.51,0.52,18.8262877,0.0001114,-0.0001114,61.74,7.8,-7.8,2.344,0.115,-0.115,0.198,0.249,-0.198,795.8,47.0,-47.0,8.920840141009169,3.3810764382833582,1.994551,2.3937385,0.4404413709620159,0.559558629037984
2392,2392.01,K02392.01,0.08,,,1.93,0.03,5826,58,62,0.934,0.021,0.019,3927,36,30,0.524908,0.562,0.006,0.006,0.9181922,0.44679058,1.27,0.18,0.18,3.77,0.56,0.57,7.42697378,5.316e-05,-5.316e-05,16.92,5.3,-5.3,3.206,0.209,-0.209,0.337,0.118,-0.337,205.2,15.7,-15.7,1.1798113197472528,1.1086879423156808,1.1269196,3.0892599,0.7792708883609166,0.2207291116390834
2397,2397.01,K02397.01,0.19,,,0.23,0.0,5464,82,81,0.834,0.027,0.026,5178,99,93,0.774786,0.929,0.006,0.006,0.7969986,0.7269042,2.32,0.35,0.36,2.65,0.42,0.43,12.00089667,6.862e-05,-6.862e-05,23.25,9.2,-9.2,3.266,0.127,-0.127,0.595,0.021,-0.488,420.7,23.8,-23.8,1.1724025189381917,1.391755248287918,1.3739136,1.5629026,0.5070044732785074,0.4929955267214926
2407,2407.01,K02407.01,0.13,,,2.18,0.09,6525,66,61,1.292,0.032,0.033,4288,93,90,0.634372,0.491,0.013,0.013,1.3774574,0.56614804,1.88,0.32,0.32,5.34,0.94,0.98,17.2922631,0.0001282,-0.0001282,10.01,4.7,-4.7,7.042,0.161,-0.161,0.865,0.012,-0.601,203.1,9.9,-9.9,0.0450644242800745,0.063477360874031,0.63869065,2.2176754,0.999282140462218,0.0007178595377818
2408,2408.01,K02408.01,1.38,,,2.85,0.01,5667,38,41,0.873,0.008,0.009,3574,15,14,0.362295,0.415,0.002,0.002,0.84385496,0.2810787,2.0,0.3,0.29,7.77,1.15,1.12,94.289223,0.0006466,-0.0006466,143.4,56.0,-56.0,4.102,0.158,-0.158,0.613,0.33,-0.389,505.4,26.3,-26.3,4.456137716277476,5.220579751287419,1.2683089,5.910727,0.4629536247047368,0.5370463752952632
2460,2460.01,K02460.01,2.32,,,1.94,0.17,4662,39,36,0.669,0.008,0.008,3539,18,17,0.33985204,0.508,0.009,0.009,0.60503805,0.25948507,1.49,0.16,0.16,3.63,0.39,0.4,11.32269749,9.54e-05,-9.54e-05,9.2,4.6,-4.6,3.517,0.134,-0.134,0.951,0.026,-0.69,311.0,22.7,-22.7,0.0816016494251537,0.1224024741377305,2.0207112,6.610628,0.9771835433246234,0.0228164566753766
2463,2463.01,K02463.01,0.66,,,,,6363,78,80,1.181,0.048,0.047,5916,88,88,0.984954,0.834,0.013,0.013,1.231154,0.981228,1.32,0.3,0.3,1.55,0.35,0.36,7.46718958,5.655e-05,-5.655e-05,13.88,4.7,-4.7,3.633,0.172,-0.172,0.486,0.05,-0.436,75.7,4.6,-4.6,0.6443017446360461,0.6545140201273955,0.7474165,1.0268856,0.537384299421095,0.462615700578905
2466,2466.01,K02466.01,0.09,,,0.05,0.0,4664,60,60,0.693,0.017,0.017,4607,63,60,0.683991,0.987,0.007,0.007,0.63229036,0.6220324,1.35,0.16,0.16,1.39,0.16,0.16,3.17323012,1.095e-05,-1.095e-05,12.83,1.7,-1.7,1.9094,0.0852,-0.0852,0.085,0.376,-0.085,204.5,11.2,-11.2,2.8178125384763906,1.1200969560584249,1.8998392,1.9438459,0.4924184563288614,0.5075815436711385
2466,2466.02,K02466.02,0.09,,,0.05,0.0,4664,60,60,0.693,0.017,0.017,4607,63,60,0.683991,0.987,0.007,0.007,0.63229036,0.6220324,1.38,0.16,0.16,1.43,0.16,0.16,13.2970695,0.0001073,-0.0001073,31.34,7.5,-7.5,3.283,0.195,-0.195,0.03,0.414,-0.03,219.7,16.5,-16.5,2.338946903549397,1.6792056582597776,1.8998392,1.9438459,0.4984093453984097,0.5015906546015904
2482,2482.01,K02482.01,0.31,,,,,5408,80,88,0.787,0.021,0.02,4919,158,157,0.693347,0.881,0.047,0.046,0.74125636,0.6326861,2.64,0.81,0.83,3.31,1.03,1.01,45.0909201,0.0004749,-0.0004749,27.5,13.6,-13.6,4.605,0.182,-0.182,0.957,0.009,-0.754,436.3,34.2,-34.2,0.1374216474714255,0.2038837533394241,1.5207024,1.8981756,0.9182241584443396,0.0817758415556603
2486,2486.01,K02486.01,0.23,0.49,0.3,0.14,0.01,6623,105,110,1.313,0.063,0.061,6489,110,103,1.243411,0.947,0.005,0.005,1.4055002,1.3130109,2.36,0.79,1.08,2.18,1.26,0.87,4.267961416,8.876e-06,-8.876e-06,23.76,6.1,-6.1,1.3427,0.0603,-0.0603,0.255,0.204,-0.255,127.4,6.6,-6.6,9.893127444634992,7.619706743973921,0.6209216,0.68300563,0.4975242464407126,0.5024757535592874
2535,2535.01,K02535.01,1.63,,,,,4917,43,31,0.743,0.008,0.008,4124,24,20,0.32246196,0.434,0.006,0.006,0.68982035,0.24299544,2.86,0.16,0.16,4.8,0.28,0.29,48.8882668,0.0006649,-0.0006649,17.77,8.8,-8.8,6.468,0.563,-0.563,0.988,0.005,-0.687,462.8,37.8,-37.8,0.031541930159576,0.0468602676540691,1.6817816,7.247073,0.786764942001272,0.2132350579987279
2538,2538.01,K02538.01,0.08,,,0.09,0.0,5171,77,68,0.774,0.017,0.017,5045,74,70,0.751554,0.971,0.007,0.007,0.72598255,0.6997618,2.03,0.2,0.19,2.17,0.21,0.21,39.8312536,0.0002066,-0.0002066,123.3,34.6,-34.6,2.442,0.163,-0.163,0.24,0.223,-0.24,388.8,29.7,-29.7,15.87364061980515,13.36321083808414,1.5656811,1.6484268,0.498343112138205,0.5016568878617949
2542,2542.01,K02542.01,0.8,,,0.92,0.23,3575,8,10,0.41,0.004,0.004,3343,11,11,0.30791,0.751,0.006,0.007,0.32808006,0.22936636,0.92,0.21,0.21,1.18,0.29,0.28,0.727331746,1.291e-06,-1.291e-06,6.74,1.6,-1.6,0.8323,0.0627,-0.0627,0.153,0.301,-0.153,357.4,23.9,-23.9,7.775885664193425,5.537722728208968,4.7602334,7.857029,0.4636273173898573,0.5363726826101427
2543,2543.01,K02543.01,0.06,,,1.23,0.03,5348,55,57,0.794,0.015,0.013,4041,39,32,0.558976,0.704,0.008,0.008,0.74950695,0.48332745,1.28,0.09,0.09,2.84,0.2,0.2,1.302017467,3.298e-06,-3.298e-06,7.11,1.2,-1.2,1.3692,0.0777,-0.0777,0.286,0.182,-0.286,290.5,16.6,-16.6,2.8484620991410896,1.4422592907043492,1.4973181,2.7673366,0.3948502277066759,0.605149772293324
2554,2554.01,K02554.01,0.37,,,0.27,0.02,4847,74,79,0.727,0.018,0.022,4563,73,71,0.671021,0.923,0.008,0.008,0.6713021,0.6073236,24.8,2.6,2.51,29.46,3.14,3.22,39.7557642,0.000333,-0.000333,40.0,19.5,-19.5,1.958,0.28,-0.28,1.219,6.837,-0.024,621.8,76.5,-76.5,0.5440202001441187,0.7956295427107735,1.747088,2.010073,0.6113845890508345,0.3886154109491654
2554,2554.02,K02554.02,0.37,,,0.27,0.02,4847,74,79,0.727,0.018,0.022,4563,73,71,0.671021,0.923,0.008,0.008,0.6713021,0.6073236,1.7,0.18,0.18,2.01,0.22,0.22,10.27127527,6.323e-05,-6.323e-05,26.33,3.9,-3.9,3.029,0.15,-0.15,0.046,0.414,-0.046,343.5,24.2,-24.2,2.324551136311602,1.0329376488737465,1.747088,2.010073,0.473995581625603,0.5260044183743968
2571,2571.01,K02571.01,0.04,,,0.18,0.04,5703,62,60,0.93,0.017,0.016,5477,71,77,0.87606,0.942,0.014,0.014,0.9132795,0.8475539,0.88,0.08,0.08,0.97,0.09,0.09,0.82628442,1.441e-06,-1.441e-06,6.414,0.6,-0.6,0.9603,0.0532,-0.0532,0.28,0.186,-0.28,134.9,6.4,-6.4,5.192338565095573,1.4571576889884676,1.1354156,1.2605665,0.4394284537887378,0.5605715462112623
2580,2580.01,K02580.01,0.6,,,,,5642,68,70,0.886,0.027,0.027,4961,64,64,0.738038,0.833,0.007,0.006,0.85959154,0.68406665,2.11,0.74,0.84,2.94,1.03,1.2,3.11604194,1.188e-05,-1.188e-05,13.389,0.811,-0.811,1.7763,0.099,-0.099,0.195,0.283,-0.195,345.2,21.1,-21.1,3.321032303074409,0.6034858162207811,1.2359219,1.7016187,0.0831643117086989,0.916835688291301
